,TP53_mutant
ACH-000001,1
ACH-000002,0
ACH-000004,0
ACH-000005,0
ACH-000006,1
ACH-000007,0
ACH-000008,0
ACH-000009,1
ACH-000011,0
ACH-000012,0
ACH-000013,1
ACH-000015,1
ACH-000017,1
ACH-000018,1
ACH-000019,0
ACH-000020,0
ACH-000021,0
ACH-000022,1
ACH-000023,1
ACH-000024,1
ACH-000025,0
ACH-000026,0
ACH-000027,0
ACH-000028,0
ACH-000029,0
ACH-000030,1
ACH-000031,1
ACH-000032,0
ACH-000035,0
ACH-000036,0
ACH-000037,1
ACH-000038,0
ACH-000039,0
ACH-000040,1
ACH-000041,1
ACH-000042,1
ACH-000043,0
ACH-000044,0
ACH-000045,0
ACH-000046,0
ACH-000047,0
ACH-000048,1
ACH-000050,0
ACH-000051,0
ACH-000052,1
ACH-000053,1
ACH-000054,0
ACH-000055,1
ACH-000056,0
ACH-000058,1
ACH-000059,0
ACH-000060,0
ACH-000061,0
ACH-000062,1
ACH-000063,0
ACH-000065,0
ACH-000066,0
ACH-000067,1
ACH-000068,1
ACH-000069,0
ACH-000070,0
ACH-000072,0
ACH-000073,0
ACH-000074,1
ACH-000075,0
ACH-000076,0
ACH-000077,0
ACH-000078,0
ACH-000079,0
ACH-000080,0
ACH-000081,0
ACH-000082,0
ACH-000083,0
ACH-000085,1
ACH-000086,0
ACH-000087,1
ACH-000089,1
ACH-000090,1
ACH-000091,1
ACH-000092,0
ACH-000093,0
ACH-000094,1
ACH-000095,0
ACH-000096,0
ACH-000097,0
ACH-000098,1
ACH-000099,0
ACH-000100,1
ACH-000101,1
ACH-000102,1
ACH-000103,0
ACH-000104,1
ACH-000105,0
ACH-000106,0
ACH-000107,1
ACH-000108,1
ACH-000109,0
ACH-000110,1
ACH-000111,0
ACH-000112,0
ACH-000113,0
ACH-000114,1
ACH-000115,1
ACH-000117,1
ACH-000118,1
ACH-000119,0
ACH-000120,0
ACH-000121,1
ACH-000122,1
ACH-000123,0
ACH-000124,0
ACH-000125,0
ACH-000126,0
ACH-000127,1
ACH-000128,1
ACH-000129,0
ACH-000130,0
ACH-000131,0
ACH-000132,0
ACH-000133,1
ACH-000134,0
ACH-000135,0
ACH-000136,0
ACH-000137,1
ACH-000138,0
ACH-000139,0
ACH-000140,0
ACH-000141,0
ACH-000142,1
ACH-000143,0
ACH-000144,1
ACH-000145,1
ACH-000146,1
ACH-000147,0
ACH-000148,1
ACH-000149,0
ACH-000150,1
ACH-000151,0
ACH-000152,1
ACH-000153,0
ACH-000154,0
ACH-000155,0
ACH-000156,0
ACH-000157,1
ACH-000158,0
ACH-000159,0
ACH-000160,0
ACH-000161,0
ACH-000162,1
ACH-000163,0
ACH-000164,1
ACH-000165,0
ACH-000166,0
ACH-000167,0
ACH-000168,1
ACH-000169,1
ACH-000171,0
ACH-000172,0
ACH-000173,1
ACH-000174,1
ACH-000175,0
ACH-000176,1
ACH-000177,0
ACH-000178,0
ACH-000179,1
ACH-000180,1
ACH-000181,1
ACH-000182,0
ACH-000183,0
ACH-000184,0
ACH-000186,1
ACH-000187,0
ACH-000188,1
ACH-000189,0
ACH-000190,1
ACH-000191,1
ACH-000192,0
ACH-000193,1
ACH-000195,1
ACH-000196,0
ACH-000197,1
ACH-000198,0
ACH-000199,0
ACH-000200,0
ACH-000201,0
ACH-000202,1
ACH-000203,0
ACH-000204,1
ACH-000205,0
ACH-000206,0
ACH-000207,1
ACH-000208,1
ACH-000209,0
ACH-000210,0
ACH-000211,1
ACH-000212,0
ACH-000213,1
ACH-000214,0
ACH-000215,0
ACH-000217,1
ACH-000218,1
ACH-000219,0
ACH-000220,0
ACH-000221,1
ACH-000222,1
ACH-000223,1
ACH-000224,0
ACH-000225,1
ACH-000226,0
ACH-000227,0
ACH-000228,0
ACH-000231,1
ACH-000232,1
ACH-000233,0
ACH-000234,0
ACH-000235,1
ACH-000236,1
ACH-000237,1
ACH-000238,1
ACH-000239,1
ACH-000240,0
ACH-000241,0
ACH-000242,0
ACH-000243,0
ACH-000244,0
ACH-000245,1
ACH-000246,0
ACH-000247,0
ACH-000248,1
ACH-000249,0
ACH-000250,0
ACH-000251,1
ACH-000252,1
ACH-000253,1
ACH-000254,0
ACH-000255,1
ACH-000256,1
ACH-000257,0
ACH-000258,0
ACH-000259,0
ACH-000260,0
ACH-000261,1
ACH-000262,0
ACH-000263,1
ACH-000264,1
ACH-000265,0
ACH-000266,1
ACH-000267,0
ACH-000268,1
ACH-000269,0
ACH-000270,0
ACH-000271,0
ACH-000272,0
ACH-000273,1
ACH-000274,0
ACH-000275,0
ACH-000276,1
ACH-000277,1
ACH-000278,1
ACH-000279,1
ACH-000280,0
ACH-000281,1
ACH-000283,0
ACH-000284,0
ACH-000285,1
ACH-000286,1
ACH-000287,1
ACH-000288,1
ACH-000289,0
ACH-000290,0
ACH-000291,0
ACH-000292,0
ACH-000293,1
ACH-000294,1
ACH-000295,1
ACH-000296,1
ACH-000297,0
ACH-000298,0
ACH-000301,1
ACH-000302,0
ACH-000303,0
ACH-000304,0
ACH-000305,1
ACH-000307,1
ACH-000308,0
ACH-000309,1
ACH-000310,0
ACH-000311,1
ACH-000312,1
ACH-000313,0
ACH-000315,1
ACH-000316,1
ACH-000317,0
ACH-000318,1
ACH-000319,0
ACH-000320,0
ACH-000321,1
ACH-000322,0
ACH-000323,1
ACH-000324,0
ACH-000325,0
ACH-000326,1
ACH-000327,0
ACH-000328,0
ACH-000329,0
ACH-000330,1
ACH-000331,1
ACH-000332,1
ACH-000334,1
ACH-000335,0
ACH-000336,1
ACH-000337,1
ACH-000338,1
ACH-000339,1
ACH-000340,0
ACH-000341,1
ACH-000342,1
ACH-000343,1
ACH-000344,0
ACH-000345,0
ACH-000346,0
ACH-000347,1
ACH-000348,1
ACH-000349,0
ACH-000350,0
ACH-000351,1
ACH-000352,0
ACH-000353,1
ACH-000354,1
ACH-000355,1
ACH-000356,0
ACH-000357,1
ACH-000358,1
ACH-000359,0
ACH-000360,1
ACH-000361,0
ACH-000362,0
ACH-000363,1
ACH-000364,0
ACH-000365,1
ACH-000366,1
ACH-000367,0
ACH-000368,1
ACH-000369,1
ACH-000370,1
ACH-000371,0
ACH-000372,0
ACH-000373,1
ACH-000374,1
ACH-000375,0
ACH-000376,1
ACH-000377,1
ACH-000378,1
ACH-000379,1
ACH-000380,1
ACH-000381,0
ACH-000382,1
ACH-000383,1
ACH-000384,0
ACH-000385,0
ACH-000386,0
ACH-000387,1
ACH-000388,1
ACH-000389,0
ACH-000390,1
ACH-000391,0
ACH-000392,1
ACH-000393,0
ACH-000394,0
ACH-000395,1
ACH-000396,1
ACH-000397,1
ACH-000398,1
ACH-000399,1
ACH-000400,0
ACH-000401,1
ACH-000402,1
ACH-000403,1
ACH-000404,0
ACH-000405,1
ACH-000406,0
ACH-000407,1
ACH-000408,0
ACH-000409,1
ACH-000410,0
ACH-000411,0
ACH-000412,1
ACH-000414,0
ACH-000415,1
ACH-000416,1
ACH-000417,0
ACH-000418,0
ACH-000419,0
ACH-000420,1
ACH-000421,1
ACH-000422,1
ACH-000423,0
ACH-000424,1
ACH-000425,0
ACH-000426,1
ACH-000427,1
ACH-000428,0
ACH-000429,0
ACH-000430,1
ACH-000431,0
ACH-000432,0
ACH-000433,0
ACH-000434,1
ACH-000435,1
ACH-000436,0
ACH-000437,1
ACH-000438,1
ACH-000439,0
ACH-000440,1
ACH-000441,0
ACH-000442,1
ACH-000443,1
ACH-000444,0
ACH-000445,1
ACH-000446,0
ACH-000447,1
ACH-000448,0
ACH-000449,0
ACH-000450,0
ACH-000451,1
ACH-000452,1
ACH-000453,1
ACH-000454,1
ACH-000455,1
ACH-000456,1
ACH-000457,0
ACH-000458,1
ACH-000459,0
ACH-000460,1
ACH-000461,1
ACH-000462,0
ACH-000463,0
ACH-000464,1
ACH-000465,0
ACH-000466,1
ACH-000467,1
ACH-000468,0
ACH-000469,0
ACH-000470,1
ACH-000471,0
ACH-000472,0
ACH-000473,1
ACH-000475,1
ACH-000476,1
ACH-000477,0
ACH-000478,1
ACH-000479,0
ACH-000480,1
ACH-000481,1
ACH-000482,0
ACH-000483,1
ACH-000484,0
ACH-000485,1
ACH-000486,0
ACH-000487,0
ACH-000488,1
ACH-000489,0
ACH-000490,0
ACH-000491,0
ACH-000492,0
ACH-000493,0
ACH-000495,0
ACH-000496,0
ACH-000498,1
ACH-000499,1
ACH-000500,1
ACH-000501,1
ACH-000502,0
ACH-000503,1
ACH-000504,0
ACH-000505,1
ACH-000506,1
ACH-000507,0
ACH-000508,1
ACH-000509,1
ACH-000510,0
ACH-000511,0
ACH-000512,1
ACH-000513,0
ACH-000514,0
ACH-000515,1
ACH-000516,0
ACH-000517,1
ACH-000518,1
ACH-000519,1
ACH-000520,1
ACH-000521,1
ACH-000522,1
ACH-000523,1
ACH-000524,1
ACH-000525,1
ACH-000527,0
ACH-000528,1
ACH-000529,0
ACH-000530,1
ACH-000531,0
ACH-000532,1
ACH-000533,0
ACH-000534,1
ACH-000535,1
ACH-000536,0
ACH-000537,1
ACH-000538,0
ACH-000540,0
ACH-000541,1
ACH-000542,0
ACH-000543,0
ACH-000544,1
ACH-000545,1
ACH-000546,1
ACH-000547,0
ACH-000548,1
ACH-000549,1
ACH-000550,1
ACH-000551,1
ACH-000552,1
ACH-000553,0
ACH-000554,1
ACH-000555,0
ACH-000556,0
ACH-000557,0
ACH-000558,0
ACH-000559,1
ACH-000560,0
ACH-000561,1
ACH-000562,1
ACH-000563,1
ACH-000564,0
ACH-000565,1
ACH-000566,1
ACH-000567,1
ACH-000568,0
ACH-000569,0
ACH-000570,0
ACH-000571,1
ACH-000572,0
ACH-000573,1
ACH-000574,1
ACH-000576,0
ACH-000577,0
ACH-000579,0
ACH-000581,0
ACH-000582,1
ACH-000583,1
ACH-000584,0
ACH-000585,1
ACH-000586,1
ACH-000587,1
ACH-000588,1
ACH-000589,1
ACH-000590,1
ACH-000591,1
ACH-000592,1
ACH-000593,0
ACH-000594,1
ACH-000595,0
ACH-000596,1
ACH-000597,0
ACH-000598,0
ACH-000599,0
ACH-000601,1
ACH-000602,0
ACH-000603,1
ACH-000604,1
ACH-000605,1
ACH-000606,1
ACH-000607,0
ACH-000608,0
ACH-000609,0
ACH-000610,0
ACH-000611,1
ACH-000612,0
ACH-000613,1
ACH-000614,0
ACH-000615,0
ACH-000616,1
ACH-000617,1
ACH-000618,1
ACH-000619,1
ACH-000620,0
ACH-000621,1
ACH-000622,1
ACH-000623,0
ACH-000624,1
ACH-000625,0
ACH-000626,1
ACH-000627,1
ACH-000628,1
ACH-000630,1
ACH-000631,0
ACH-000632,1
ACH-000633,0
ACH-000634,0
ACH-000635,1
ACH-000636,0
ACH-000637,0
ACH-000638,1
ACH-000639,1
ACH-000640,0
ACH-000641,0
ACH-000643,1
ACH-000644,0
ACH-000645,0
ACH-000646,0
ACH-000647,1
ACH-000648,0
ACH-000649,1
ACH-000650,1
ACH-000651,1
ACH-000652,1
ACH-000653,0
ACH-000654,1
ACH-000655,1
ACH-000656,1
ACH-000657,0
ACH-000659,1
ACH-000660,0
ACH-000661,0
ACH-000662,0
ACH-000663,0
ACH-000664,1
ACH-000665,1
ACH-000666,1
ACH-000667,1
ACH-000668,1
ACH-000669,1
ACH-000670,1
ACH-000671,1
ACH-000672,1
ACH-000673,1
ACH-000674,0
ACH-000675,1
ACH-000676,0
ACH-000677,0
ACH-000678,1
ACH-000679,1
ACH-000680,1
ACH-000681,0
ACH-000682,0
ACH-000683,1
ACH-000684,0
ACH-000685,1
ACH-000686,1
ACH-000687,1
ACH-000688,1
ACH-000689,0
ACH-000691,1
ACH-000692,1
ACH-000693,1
ACH-000694,1
ACH-000695,1
ACH-000696,0
ACH-000697,0
ACH-000698,1
ACH-000699,1
ACH-000700,1
ACH-000701,0
ACH-000702,0
ACH-000703,1
ACH-000704,0
ACH-000705,1
ACH-000706,1
ACH-000707,1
ACH-000708,0
ACH-000709,0
ACH-000711,1
ACH-000712,0
ACH-000713,1
ACH-000714,0
ACH-000715,1
ACH-000716,1
ACH-000717,1
ACH-000718,1
ACH-000719,0
ACH-000720,1
ACH-000721,1
ACH-000722,1
ACH-000723,1
ACH-000724,1
ACH-000725,1
ACH-000726,1
ACH-000727,1
ACH-000728,0
ACH-000729,1
ACH-000730,0
ACH-000732,1
ACH-000733,1
ACH-000734,0
ACH-000735,0
ACH-000736,1
ACH-000738,0
ACH-000739,0
ACH-000740,1
ACH-000741,1
ACH-000743,1
ACH-000744,1
ACH-000745,0
ACH-000746,1
ACH-000747,1
ACH-000748,0
ACH-000749,1
ACH-000750,0
ACH-000751,0
ACH-000752,1
ACH-000753,1
ACH-000754,0
ACH-000755,0
ACH-000756,1
ACH-000757,0
ACH-000758,0
ACH-000759,0
ACH-000760,0
ACH-000761,1
ACH-000762,1
ACH-000763,0
ACH-000764,1
ACH-000765,0
ACH-000766,1
ACH-000767,0
ACH-000768,1
ACH-000769,1
ACH-000770,1
ACH-000771,0
ACH-000772,0
ACH-000773,0
ACH-000774,1
ACH-000775,0
ACH-000776,0
ACH-000777,1
ACH-000778,1
ACH-000779,1
ACH-000780,1
ACH-000781,0
ACH-000782,1
ACH-000783,1
ACH-000784,1
ACH-000785,1
ACH-000786,1
ACH-000787,1
ACH-000788,1
ACH-000789,1
ACH-000790,0
ACH-000791,0
ACH-000792,1
ACH-000793,0
ACH-000794,0
ACH-000795,1
ACH-000796,0
ACH-000797,0
ACH-000798,1
ACH-000799,0
ACH-000800,1
ACH-000801,0
ACH-000802,0
ACH-000803,1
ACH-000804,0
ACH-000805,0
ACH-000806,0
ACH-000807,1
ACH-000808,1
ACH-000809,1
ACH-000810,1
ACH-000811,1
ACH-000812,0
ACH-000813,1
ACH-000814,0
ACH-000815,0
ACH-000816,1
ACH-000817,1
ACH-000818,1
ACH-000819,1
ACH-000820,1
ACH-000821,1
ACH-000822,0
ACH-000823,1
ACH-000824,1
ACH-000825,0
ACH-000826,1
ACH-000827,0
ACH-000828,0
ACH-000829,0
ACH-000830,0
ACH-000831,0
ACH-000832,1
ACH-000833,1
ACH-000834,0
ACH-000835,1
ACH-000836,1
ACH-000837,1
ACH-000838,0
ACH-000839,1
ACH-000840,1
ACH-000841,1
ACH-000842,1
ACH-000843,1
ACH-000844,1
ACH-000845,1
ACH-000846,1
ACH-000847,1
ACH-000848,1
ACH-000849,1
ACH-000851,1
ACH-000852,1
ACH-000853,1
ACH-000855,1
ACH-000856,0
ACH-000857,1
ACH-000858,1
ACH-000859,1
ACH-000860,0
ACH-000861,0
ACH-000862,1
ACH-000863,0
ACH-000864,0
ACH-000865,1
ACH-000866,1
ACH-000867,1
ACH-000868,0
ACH-000869,1
ACH-000870,0
ACH-000871,0
ACH-000872,0
ACH-000873,0
ACH-000874,0
ACH-000875,1
ACH-000876,1
ACH-000877,1
ACH-000878,1
ACH-000879,1
ACH-000880,0
ACH-000881,0
ACH-000882,0
ACH-000883,1
ACH-000884,1
ACH-000885,0
ACH-000886,1
ACH-000887,1
ACH-000888,1
ACH-000889,1
ACH-000890,1
ACH-000891,1
ACH-000892,0
ACH-000893,1
ACH-000894,1
ACH-000895,1
ACH-000896,1
ACH-000897,1
ACH-000898,0
ACH-000899,0
ACH-000900,0
ACH-000901,0
ACH-000902,0
ACH-000903,1
ACH-000905,1
ACH-000906,1
ACH-000907,0
ACH-000908,0
ACH-000909,0
ACH-000910,0
ACH-000911,1
ACH-000912,1
ACH-000913,1
ACH-000914,1
ACH-000915,1
ACH-000916,1
ACH-000917,1
ACH-000918,1
ACH-000919,0
ACH-000920,0
ACH-000921,1
ACH-000922,0
ACH-000924,1
ACH-000925,0
ACH-000926,0
ACH-000927,1
ACH-000928,0
ACH-000929,0
ACH-000930,1
ACH-000932,0
ACH-000933,0
ACH-000934,1
ACH-000935,0
ACH-000936,0
ACH-000937,1
ACH-000938,0
ACH-000939,1
ACH-000940,1
ACH-000941,1
ACH-000942,1
ACH-000943,0
ACH-000944,1
ACH-000945,0
ACH-000946,0
ACH-000947,1
ACH-000948,0
ACH-000949,1
ACH-000950,0
ACH-000951,1
ACH-000952,0
ACH-000953,1
ACH-000954,1
ACH-000955,1
ACH-000956,1
ACH-000957,0
ACH-000958,0
ACH-000959,1
ACH-000960,0
ACH-000961,1
ACH-000962,1
ACH-000963,1
ACH-000964,0
ACH-000965,0
ACH-000966,1
ACH-000967,1
ACH-000968,0
ACH-000969,1
ACH-000970,1
ACH-000971,0
ACH-000972,0
ACH-000973,1
ACH-000974,0
ACH-000975,1
ACH-000976,1
ACH-000977,0
ACH-000978,1
ACH-000979,1
ACH-000980,1
ACH-000981,1
ACH-000982,0
ACH-000983,1
ACH-000984,1
ACH-000985,1
ACH-000986,1
ACH-000987,1
ACH-000988,1
ACH-000989,0
ACH-000990,1
ACH-000991,1
ACH-000992,0
ACH-000993,0
ACH-000994,1
ACH-000995,1
ACH-000996,1
ACH-000997,1
ACH-000998,0
ACH-000999,1
ACH-001001,1
ACH-001002,1
ACH-001016,0
ACH-001020,0
ACH-001021,0
ACH-001022,0
ACH-001023,0
ACH-001024,1
ACH-001028,0
ACH-001029,0
ACH-001030,0
ACH-001031,0
ACH-001032,1
ACH-001033,0
ACH-001034,0
ACH-001035,0
ACH-001036,0
ACH-001038,1
ACH-001039,1
ACH-001041,1
ACH-001048,1
ACH-001049,1
ACH-001050,0
ACH-001053,0
ACH-001054,0
ACH-001057,0
ACH-001059,0
ACH-001060,1
ACH-001061,1
ACH-001063,0
ACH-001064,1
ACH-001065,1
ACH-001066,1
ACH-001067,0
ACH-001068,0
ACH-001075,0
ACH-001081,1
ACH-001086,0
ACH-001089,0
ACH-001093,0
ACH-001096,0
ACH-001097,0
ACH-001098,0
ACH-001099,0
ACH-001100,1
ACH-001106,1
ACH-001107,1
ACH-001111,1
ACH-001113,1
ACH-001118,1
ACH-001119,0
ACH-001125,1
ACH-001126,0
ACH-001127,1
ACH-001128,0
ACH-001129,1
ACH-001130,1
ACH-001131,0
ACH-001132,1
ACH-001134,0
ACH-001136,1
ACH-001137,1
ACH-001138,1
ACH-001143,0
ACH-001145,1
ACH-001147,0
ACH-001148,0
ACH-001151,0
ACH-001162,1
ACH-001163,1
ACH-001164,0
ACH-001172,1
ACH-001182,0
ACH-001183,1
ACH-001184,0
ACH-001188,0
ACH-001190,1
ACH-001192,1
ACH-001193,1
ACH-001194,0
ACH-001196,1
ACH-001197,0
ACH-001199,1
ACH-001200,0
ACH-001201,1
ACH-001203,0
ACH-001205,0
ACH-001206,1
ACH-001208,0
ACH-001210,0
ACH-001211,0
ACH-001212,0
ACH-001228,0
ACH-001229,0
ACH-001232,1
ACH-001233,1
ACH-001239,0
ACH-001270,0
ACH-001274,0
ACH-001275,0
ACH-001277,1
ACH-001278,0
ACH-001279,0
ACH-001280,0
ACH-001282,0
ACH-001283,0
ACH-001289,0
ACH-001295,0
ACH-001300,0
ACH-001301,0
ACH-001302,0
ACH-001303,0
ACH-001306,1
ACH-001307,0
ACH-001310,0
ACH-001318,1
ACH-001321,0
ACH-001322,0
ACH-001328,1
ACH-001329,0
ACH-001331,0
ACH-001332,1
ACH-001333,1
ACH-001334,0
ACH-001335,0
ACH-001336,0
ACH-001338,0
ACH-001339,1
ACH-001340,1
ACH-001341,0
ACH-001344,0
ACH-001345,0
ACH-001346,1
ACH-001347,1
ACH-001350,1
ACH-001353,0
ACH-001354,1
ACH-001355,1
ACH-001356,0
ACH-001358,1
ACH-001359,0
ACH-001360,0
ACH-001362,0
ACH-001363,1
ACH-001364,1
ACH-001365,1
ACH-001366,1
ACH-001367,1
ACH-001368,1
ACH-001369,1
ACH-001370,0
ACH-001373,1
ACH-001374,1
ACH-001375,1
ACH-001376,1
ACH-001377,0
ACH-001378,0
ACH-001379,1
ACH-001380,0
ACH-001382,1
ACH-001383,0
ACH-001384,0
ACH-001385,0
ACH-001386,1
ACH-001388,0
ACH-001389,1
ACH-001390,1
ACH-001391,0
ACH-001392,1
ACH-001393,1
ACH-001394,1
ACH-001395,0
ACH-001396,1
ACH-001398,0
ACH-001399,1
ACH-001400,1
ACH-001401,1
ACH-001402,0
ACH-001403,1
ACH-001407,1
ACH-001408,1
ACH-001409,1
ACH-001410,0
ACH-001411,1
ACH-001412,1
ACH-001413,0
ACH-001414,0
ACH-001415,1
ACH-001416,1
ACH-001417,1
ACH-001418,1
ACH-001419,1
ACH-001421,0
ACH-001422,0
ACH-001430,0
ACH-001431,0
ACH-001433,0
ACH-001441,0
ACH-001442,1
ACH-001443,1
ACH-001450,1
ACH-001451,0
ACH-001452,0
ACH-001453,0
ACH-001454,0
ACH-001456,1
ACH-001458,1
ACH-001459,1
ACH-001460,1
ACH-001461,0
ACH-001481,1
ACH-001484,0
ACH-001485,0
ACH-001489,1
ACH-001490,1
ACH-001494,1
ACH-001495,1
ACH-001496,1
ACH-001497,1
ACH-001498,1
ACH-001500,1
ACH-001509,0
ACH-001510,1
ACH-001511,1
ACH-001513,1
ACH-001515,0
ACH-001516,0
ACH-001517,1
ACH-001518,1
ACH-001519,0
ACH-001520,0
ACH-001521,0
ACH-001522,0
ACH-001523,1
ACH-001524,0
ACH-001525,1
ACH-001526,0
ACH-001528,0
ACH-001529,0
ACH-001530,0
ACH-001532,0
ACH-001533,1
ACH-001536,0
ACH-001538,0
ACH-001539,1
ACH-001540,0
ACH-001541,0
ACH-001542,1
ACH-001543,0
ACH-001544,1
ACH-001547,0
ACH-001548,0
ACH-001549,1
ACH-001550,1
ACH-001551,0
ACH-001552,0
ACH-001554,0
ACH-001555,0
ACH-001556,0
ACH-001557,0
ACH-001558,0
ACH-001559,1
ACH-001560,0
ACH-001561,0
ACH-001562,0
ACH-001563,0
ACH-001566,0
ACH-001567,0
ACH-001568,0
ACH-001569,0
ACH-001570,0
ACH-001573,1
ACH-001574,0
ACH-001577,0
ACH-001578,1
ACH-001591,1
ACH-001599,1
ACH-001603,0
ACH-001605,1
ACH-001606,1
ACH-001607,1
ACH-001608,1
ACH-001609,0
ACH-001610,1
ACH-001611,0
ACH-001613,0
ACH-001616,0
ACH-001617,1
ACH-001618,0
ACH-001619,0
ACH-001622,0
ACH-001623,1
ACH-001624,0
ACH-001625,1
ACH-001626,1
ACH-001627,0
ACH-001628,1
ACH-001630,1
ACH-001632,1
ACH-001634,0
ACH-001636,0
ACH-001638,0
ACH-001639,1
ACH-001641,1
ACH-001642,0
ACH-001645,0
ACH-001647,1
ACH-001648,0
ACH-001649,0
ACH-001650,0
ACH-001651,0
ACH-001652,0
ACH-001653,1
ACH-001654,1
ACH-001655,1
ACH-001656,1
ACH-001664,1
ACH-001668,0
ACH-001669,1
ACH-001670,1
ACH-001673,1
ACH-001674,0
ACH-001675,1
ACH-001677,0
ACH-001680,1
ACH-001685,0
ACH-001687,0
ACH-001688,0
ACH-001690,1
ACH-001691,1
ACH-001692,0
ACH-001694,1
ACH-001696,1
ACH-001698,1
ACH-001699,0
ACH-001701,1
ACH-001702,0
ACH-001703,0
ACH-001704,0
ACH-001707,0
ACH-001709,1
ACH-001711,0
ACH-001715,0
ACH-001716,0
ACH-001719,1
ACH-001735,1
ACH-001736,1
ACH-001737,0
ACH-001738,1
ACH-001740,0
ACH-001745,1
ACH-001750,1
ACH-001751,0
ACH-001765,1
ACH-001767,0
ACH-001786,0
ACH-001791,0
ACH-001793,0
ACH-001794,0
ACH-001795,0
ACH-001796,0
ACH-001799,0
ACH-001802,0
ACH-001804,0
ACH-001807,0
ACH-001814,0
ACH-001818,0
ACH-001819,1
ACH-001820,0
ACH-001834,1
ACH-001835,1
ACH-001836,1
ACH-001838,1
ACH-001839,0
ACH-001841,1
ACH-001842,1
ACH-001843,0
ACH-001844,0
ACH-001845,0
ACH-001846,1
ACH-001848,0
ACH-001849,0
ACH-001850,1
ACH-001852,1
ACH-001853,0
ACH-001856,0
ACH-001857,0
ACH-001858,1
ACH-001861,1
ACH-001862,0
ACH-001863,1
ACH-001864,1
ACH-001958,1
ACH-001959,1
ACH-001960,1
ACH-001961,1
ACH-001970,0
ACH-001973,1
ACH-001977,0
ACH-001982,0
ACH-001986,0
ACH-001990,0
ACH-001991,0
ACH-001992,1
ACH-001993,1
ACH-001997,1
ACH-001999,1
ACH-002001,0
ACH-002002,0
ACH-002003,0
ACH-002004,0
ACH-002005,0
ACH-002011,0
ACH-002014,0
ACH-002015,0
ACH-002016,0
ACH-002017,0
ACH-002018,0
ACH-002019,0
ACH-002020,1
ACH-002021,0
ACH-002023,1
ACH-002024,0
ACH-002025,1
ACH-002026,0
ACH-002027,0
ACH-002029,1
ACH-002035,0
ACH-002038,1
ACH-002039,1
ACH-002040,0
ACH-002041,1
ACH-002042,0
ACH-002043,1
ACH-002044,1
ACH-002045,1
ACH-002046,1
ACH-002048,0
ACH-002051,1
ACH-002052,1
ACH-002055,0
ACH-002058,0
ACH-002059,0
ACH-002061,1
ACH-002062,0
ACH-002065,0
ACH-002066,1
ACH-002067,1
ACH-002069,0
ACH-002070,0
ACH-002077,1
ACH-002080,0
ACH-002083,0
ACH-002084,0
ACH-002089,1
ACH-002090,1
ACH-002091,1
ACH-002092,0
ACH-002093,1
ACH-002094,0
ACH-002095,1
ACH-002096,0
ACH-002097,0
ACH-002098,0
ACH-002099,1
ACH-002100,1
ACH-002101,1
ACH-002102,0
ACH-002103,1
ACH-002104,1
ACH-002105,0
ACH-002106,1
ACH-002107,0
ACH-002108,0
ACH-002109,1
ACH-002110,1
ACH-002111,1
ACH-002112,1
ACH-002113,1
ACH-002114,1
ACH-002115,1
ACH-002116,1
ACH-002117,1
ACH-002118,1
ACH-002119,0
ACH-002120,0
ACH-002121,0
ACH-002122,1
ACH-002123,0
ACH-002124,0
ACH-002125,0
ACH-002126,0
ACH-002127,1
ACH-002128,0
ACH-002129,1
ACH-002130,0
ACH-002131,0
ACH-002132,1
ACH-002133,1
ACH-002134,0
ACH-002135,0
ACH-002136,0
ACH-002139,0
ACH-002140,0
ACH-002141,1
ACH-002142,1
ACH-002143,0
ACH-002144,0
ACH-002145,1
ACH-002146,0
ACH-002147,0
ACH-002148,0
ACH-002149,0
ACH-002150,0
ACH-002151,0
ACH-002152,0
ACH-002153,0
ACH-002154,1
ACH-002155,0
ACH-002156,1
ACH-002157,1
ACH-002159,1
ACH-002160,0
ACH-002161,0
ACH-002162,0
ACH-002163,0
ACH-002164,1
ACH-002165,0
ACH-002166,0
ACH-002167,0
ACH-002168,1
ACH-002169,1
ACH-002170,1
ACH-002171,1
ACH-002173,1
ACH-002174,0
ACH-002175,1
ACH-002177,0
ACH-002178,0
ACH-002179,1
ACH-002180,0
ACH-002181,1
ACH-002182,0
ACH-002183,0
ACH-002185,0
ACH-002186,1
ACH-002187,0
ACH-002188,1
ACH-002189,1
ACH-002190,0
ACH-002191,0
ACH-002192,0
ACH-002193,1
ACH-002195,1
ACH-002196,1
ACH-002197,0
ACH-002198,0
ACH-002199,1
ACH-002200,1
ACH-002201,0
ACH-002202,1
ACH-002204,0
ACH-002205,1
ACH-002206,0
ACH-002207,0
ACH-002208,0
ACH-002209,1
ACH-002210,1
ACH-002211,0
ACH-002212,1
ACH-002213,0
ACH-002214,0
ACH-002215,0
ACH-002216,1
ACH-002218,0
ACH-002220,0
ACH-002221,0
ACH-002222,0
ACH-002223,0
ACH-002224,0
ACH-002225,1
ACH-002226,1
ACH-002227,0
ACH-002228,1
ACH-002229,0
ACH-002230,1
ACH-002231,1
ACH-002232,1
ACH-002233,1
ACH-002234,0
ACH-002235,1
ACH-002236,1
ACH-002237,1
ACH-002238,1
ACH-002239,1
ACH-002240,1
ACH-002241,0
ACH-002242,0
ACH-002243,1
ACH-002244,0
ACH-002245,0
ACH-002246,0
ACH-002247,0
ACH-002248,0
ACH-002249,0
ACH-002250,1
ACH-002251,1
ACH-002252,0
ACH-002253,0
ACH-002254,0
ACH-002255,0
ACH-002256,1
ACH-002257,1
ACH-002258,1
ACH-002259,0
ACH-002261,1
ACH-002262,1
ACH-002263,1
ACH-002264,1
ACH-002265,1
ACH-002266,1
ACH-002267,0
ACH-002268,1
ACH-002269,0
ACH-002270,0
ACH-002271,0
ACH-002272,1
ACH-002273,0
ACH-002274,1
ACH-002275,0
ACH-002276,0
ACH-002277,0
ACH-002278,0
ACH-002279,0
ACH-002280,1
ACH-002281,0
ACH-002282,0
ACH-002283,0
ACH-002284,1
ACH-002285,1
ACH-002286,1
ACH-002287,1
ACH-002288,0
ACH-002289,1
ACH-002290,0
ACH-002291,0
ACH-002292,1
ACH-002293,1
ACH-002294,1
ACH-002295,1
ACH-002296,1
ACH-002297,0
ACH-002298,1
ACH-002299,0
ACH-002300,0
ACH-002301,0
ACH-002302,0
ACH-002304,1
ACH-002305,1
ACH-002306,0
ACH-002307,0
ACH-002308,1
ACH-002309,1
ACH-002310,1
ACH-002311,0
ACH-002312,1
ACH-002313,1
ACH-002314,0
ACH-002316,1
ACH-002317,0
ACH-002336,0
ACH-002337,0
ACH-002338,0
ACH-002339,0
ACH-002340,1
ACH-002342,0
ACH-002343,0
ACH-002344,0
ACH-002345,1
ACH-002346,0
ACH-002347,0
ACH-002348,0
ACH-002349,1
ACH-002350,0
ACH-002351,0
ACH-002352,0
ACH-002353,0
ACH-002354,0
ACH-002355,0
ACH-002356,0
ACH-002357,0
ACH-002358,0
ACH-002360,0
ACH-002361,0
ACH-002362,0
ACH-002363,0
ACH-002364,0
ACH-002365,0
ACH-002366,0
ACH-002367,0
ACH-002368,0
ACH-002369,0
ACH-002370,0
ACH-002371,0
ACH-002372,0
ACH-002373,0
ACH-002374,0
ACH-002375,0
ACH-002376,0
ACH-002377,0
ACH-002379,0
ACH-002380,0
ACH-002381,0
ACH-002382,0
ACH-002383,0
ACH-002384,0
ACH-002386,0
ACH-002387,0
ACH-002388,0
ACH-002389,0
ACH-002392,0
ACH-002397,0
ACH-002399,0
ACH-002446,0
ACH-002458,0
ACH-002459,0
ACH-002460,0
ACH-002461,1
ACH-002462,0
ACH-002463,1
ACH-002464,0
ACH-002465,0
ACH-002466,0
ACH-002467,0
ACH-002471,0
ACH-002485,1
ACH-002486,1
ACH-002508,1
ACH-002509,0
ACH-002510,0
ACH-002511,0
ACH-002512,0
ACH-002523,1
ACH-002526,1
ACH-002531,0
ACH-002647,0
ACH-002650,0
ACH-002654,1
ACH-002659,0
ACH-002664,1
ACH-002669,1
ACH-002672,0
ACH-002680,1
ACH-002687,0
ACH-002693,0
ACH-002710,0
ACH-002730,1
ACH-002733,1
ACH-002736,0
ACH-002738,1
ACH-002742,1
ACH-002743,1
ACH-002744,1
ACH-002745,1
ACH-002757,1
ACH-002785,0
ACH-002799,0
ACH-002800,0
ACH-002834,0
ACH-002835,1
ACH-002837,0
ACH-002839,1
ACH-002847,0
ACH-002871,1
ACH-002883,1
ACH-002884,1
ACH-002885,1
ACH-002922,1
ACH-002926,0
ACH-002950,1
ACH-002951,1
ACH-002954,0
ACH-002967,0
ACH-002968,1
ACH-002972,0
ACH-002979,1
ACH-003071,1
