COSMIC_ID,AZD6738,TRAMETINIB,OXALIPLATIN,5-FLUOROURACIL
ACH-001711,1.976085,2.272281,4.1768925,5.56987
ACH-000052,0.902697,1.221512,3.9018595,4.315668
ACH-002106,1.148214,2.590889,3.7226800000000004,3.472239
ACH-002108,1.442474,2.889071,2.4742290000000002,2.514398
ACH-002111,1.413696,3.061922,4.0313419999999995,4.291134
ACH-000087,0.730719,2.386515,2.8861895000000004,3.838446
ACH-000644,1.664755,-2.991664,7.3884815,9.202779
ACH-000905,2.028886,-0.274644,4.5723905,3.119386
ACH-000242,3.607077,-1.015797,3.6279195,4.195505
ACH-000384,3.916077,-0.340457,4.332338,4.646333
ACH-000720,1.886923,2.663933,5.983677999999999,5.648643
ACH-001333,0.68884,0.006414,3.846056,3.585648
ACH-001334,1.147684,0.6829,5.0412325,4.952681
ACH-001359,2.740352,1.597021,3.1184975,4.366752
ACH-000323,1.56519,1.620033,4.0415265,3.463196
ACH-000137,0.079663,1.243022,4.105143,3.416356
ACH-000558,1.3606,0.482754,3.002256,2.710227
ACH-000738,2.491489,2.229024,5.380451,5.946648
ACH-000571,1.415401,3.170941,5.547064000000001,5.449566
ACH-000040,1.718015,1.820147,5.29529,6.677253
ACH-000075,3.26192,0.445243,5.7552395,5.044132
ACH-000570,2.148434,0.407974,3.76573,4.352037
ACH-000867,2.91266,2.662383,4.397329,4.548298
ACH-002174,1.177156,3.060409,5.3430285,6.343099
ACH-000392,4.347757,-0.041582,6.517437,7.3707
ACH-000662,0.592962,-0.134214,4.2267515,4.351661
ACH-000769,3.42767,0.534384,4.775652,4.529416
ACH-000589,1.569125,-3.163633,2.854633,2.2076
ACH-000744,2.163401,-0.234914,5.5270475,2.948167
ACH-000766,0.05539,-1.4398,3.746632,4.12162
ACH-000035,2.65814,3.750328,6.672924,6.057618
ACH-000021,4.005339,0.797341,7.454796,6.851009
ACH-001362,2.668173,1.965762,3.530797,4.533764
ACH-000733,3.849036,2.12001,6.095958,6.457957
ACH-000451,3.524121,2.081873,6.335106,6.90636
ACH-000481,1.889709,3.914326,3.8074285,3.937027
ACH-000447,3.496083,-0.56695,5.489720999999999,4.902864
ACH-000951,3.859138,2.387544,5.571194,7.164926
ACH-000875,4.206365,0.231131,6.503277,8.418401
ACH-000121,3.296976,-2.278731,8.525388,9.412202
ACH-000853,2.378414,2.304581,6.1534035,7.338996
ACH-000187,2.838896,3.006348,4.265807000000001,4.724747
ACH-000530,2.580851,2.668966,5.4108979999999995,7.308453
ACH-000749,2.319436,1.29317,2.567516,4.725886
ACH-000866,2.640153,2.089611,4.9270435,3.43072
ACH-000514,4.741065,3.061791,5.305804,6.775367
ACH-000431,2.034983,2.152009,3.264912,4.922368
ACH-000729,1.953186,1.759634,3.6778345000000003,4.743163
ACH-000298,4.627486,1.919943,4.905098000000001,5.330777
ACH-000290,0.962798,2.192935,0.176481,4.215831
ACH-001138,2.635983,3.274965,5.410788999999999,7.097238
ACH-000525,0.476346,2.126234,3.013784,3.974219
ACH-000610,3.634246,0.524861,3.9108135,6.379385
ACH-001364,3.637594,4.565442,6.5626145000000005,7.368304
ACH-000800,1.675934,0.645934,3.927385,5.291405
ACH-000767,4.751666,2.846155,2.0452105,2.19929
ACH-001599,0.879091,3.442347,4.681227,6.495249
ACH-000358,2.900417,3.349111,2.301145,6.870827
ACH-000355,1.394971,2.940904,2.619217,3.35392
ACH-000153,3.966292,1.981602,5.4388855,5.217386
ACH-000366,0.541407,2.348122,3.993919,3.685289
ACH-000341,1.952322,-1.245947,5.908721,6.895786
ACH-001702,1.454814,2.537839,4.54331,4.026975
ACH-001233,2.390903,3.244148,5.757737499999999,6.303286
713878,,3.23782,3.7487375,4.596855
ACH-000670,1.110233,0.781977,3.939325,4.234584
ACH-002196,1.423632,3.104598,4.309363,3.669279
ACH-001549,2.665085,2.147274,3.9234285,4.140097
ACH-000149,1.932951,0.404504,3.218939,4.095464
ACH-000521,2.201098,-0.528728,4.566457,4.277566
ACH-000311,0.808355,-3.945743,2.9125085,0.990617
ACH-000675,0.859105,-1.358652,3.378793,3.180824
ACH-000945,4.974553,0.460317,4.273666,6.025108
ACH-000018,3.156884,1.331787,5.01177,3.666305
ACH-000050,2.445016,-2.969101,4.557264,2.370803
ACH-000260,1.271186,-1.904638,5.9887335,4.605422
ACH-000510,3.545975,0.131095,3.965396,3.663581
ACH-000841,3.656476,-1.768785,6.082031000000001,5.372153
ACH-000522,3.453708,2.239723,5.249193,5.705163
ACH-001402,3.944311,0.746635,6.612629999999999,5.61738
ACH-000775,2.623445,-3.868489,5.9693179999999995,7.894445
ACH-000264,1.802576,-3.396511,4.063429,5.8463
ACH-000438,1.020411,-3.565737,3.728562,3.824963
ACH-000666,2.518551,1.043015,7.3631215,5.0047
ACH-000496,1.739109,-2.338602,3.8906229999999997,2.596211
ACH-000094,2.445945,-2.22563,5.660071,5.664612
ACH-000601,3.557353,0.057448,4.3664024999999995,5.37256
ACH-000790,2.431918,1.445027,3.7602555,4.018432
ACH-000886,2.572053,-1.943845,3.960761,4.501158
ACH-000718,2.981757,-3.176646,6.235287,4.610593
ACH-000677,3.970766,3.5489,5.2740585,6.468117
ACH-000408,3.252694,1.483236,4.264219000000001,5.357449
ACH-000859,2.615441,0.952198,5.876646,5.369619
ACH-000374,0.803426,-0.270475,5.9575914999999995,5.096717
ACH-000111,3.923528,2.22248,3.286862,6.868742
ACH-000699,0.931853,1.301184,5.555438,6.095529
ACH-000196,0.68235,3.86801,2.666273,5.304199
ACH-000223,2.994835,1.417853,6.3618735,5.655102
ACH-000691,2.555658,2.463685,4.6327929999999995,4.5909
ACH-000755,2.15972,1.552342,4.446229,5.746732
ACH-000276,2.065901,5.099511,6.637188,4.109546
ACH-002212,1.328364,-3.759907,2.540222,2.094326
ACH-002213,1.143407,-2.037275,4.4491555,5.107544
ACH-002090,0.917533,1.07781,3.402946,4.665004
ACH-000603,1.887679,2.637265,4.763167,4.070774
ACH-000548,3.539626,1.20736,4.230916,4.205742
753538,1.09868,-0.625141,5.1808705,4.901733
ACH-000210,0.198426,2.903653,2.9937354999999997,2.52635
ACH-000826,0.802407,-0.102578,5.642149,3.491552
ACH-000518,1.748567,0.522724,4.7774375,3.788662
ACH-002096,3.16096,-6.233048,2.964818,4.145585
ACH-002097,3.636726,-3.891813,5.751233,5.30855
ACH-001049,0.621658,2.997396,3.4104710000000003,4.29482
ACH-002222,1.728014,0.825594,1.314626,2.515296
ACH-002230,2.061228,1.264343,4.003483,4.019715
ACH-000703,2.416395,2.436835,2.389762,3.132114
ACH-002235,3.053348,-0.015627,3.4865885,4.740459
ACH-000563,2.63138,-3.941945,5.5712554999999995,6.499622
ACH-000305,1.712222,-0.624825,4.588199,5.109971
ACH-000585,0.075441,-1.53475,3.9733009999999997,4.591608
ACH-002139,2.35764,1.60384,4.158251,4.407783
ACH-002243,1.885332,2.006102,2.858828,3.400507
753561,-0.012767,0.144296,3.913668,4.257329
ACH-000472,2.831929,0.451635,4.582964,3.722859
ACH-002247,0.719313,-5.171307,0.964394,1.475943
ACH-002144,1.050353,2.522354,3.587514,3.135175
ACH-002145,1.373166,2.612028,5.1054465,4.3689
ACH-000396,4.48246,2.396774,5.4838535,5.080639
ACH-000858,2.608288,-1.483035,4.664289,4.254684
ACH-001543,1.562404,-0.638752,2.966407,2.138119
ACH-000265,2.376726,0.677356,3.5213875,3.784784
ACH-000823,-0.601662,0.139661,3.410083,3.516276
ACH-000809,3.416666,0.595296,6.1466735,5.43931
ACH-000637,2.59699,-0.258217,6.1442265,6.376076
ACH-000784,4.067525,2.385779,6.616105,5.617588
ACH-002150,0.506143,0.501806,4.437111,3.453143
ACH-002151,0.41584,2.10794,3.19996,3.61182
ACH-002152,1.782183,-3.722594,4.260523,4.590899
ACH-002153,4.091759,-1.421688,3.399656,5.073631
ACH-002154,0.645283,1.792892,3.18306,4.332505
ACH-002265,2.902885,1.854566,6.619058,7.769965
ACH-002266,4.484205,1.956471,5.5585985,5.379775
ACH-002155,1.555312,0.776455,3.5602265,4.642035
ACH-000627,4.166291,3.436067,4.899445999999999,4.613619
753588,2.032039,2.801296,2.080172,4.302767
753589,4.63689,5.140195,7.1612935,8.70746
ACH-000787,2.605677,-0.179289,5.4104595,4.961781
ACH-001131,1.811129,2.768018,2.8621325,4.327152
ACH-002164,4.678223,0.429999,6.497663,5.532041
ACH-002166,2.266092,-4.689917,2.273125,3.147178
ACH-000892,3.230709,2.057999,5.384005500000001,6.495503
ACH-001075,0.847541,-3.786103,2.139766,2.634468
ACH-000871,1.840595,1.026789,3.37699,2.7562
ACH-002177,2.808917,3.29993,4.195642,4.40331
ACH-000030,0.899948,-0.296021,5.499335,4.138602
ACH-002197,2.179476,0.567469,1.8638265,2.204914
ACH-000363,5.290118,4.040351,3.230839,4.77009
ACH-000353,,-0.751475,4.4814895,3.945801
ACH-000626,4.748831,-2.890622,5.520087500000001,4.674456
ACH-002217,1.763098,-1.745514,5.2302165,5.9156
ACH-000259,0.358922,0.316429,2.722612,1.979311
ACH-000099,0.474431,-0.926262,2.6801465,2.594119
ACH-000647,1.590134,-0.159324,5.269754000000001,7.326838
ACH-000318,0.577254,0.242735,2.856211,3.563165
ACH-000452,2.169412,-0.508882,4.849569499999999,5.016989
ACH-000354,2.539135,-0.180885,4.86584,5.551047
ACH-000001,2.919154,2.864878,5.264925,4.831189
ACH-000090,3.158462,4.177132,6.9960525,4.509664
ACH-000979,2.94159,3.051011,6.7600345,6.345659
ACH-000971,2.954124,-3.270858,2.0462185,2.710655
ACH-000997,1.43167,0.352145,2.8587065000000003,2.769103
ACH-000002,2.043151,-3.320144,2.398561,2.558821
ACH-000552,0.452898,-4.911456,3.047471,3.039161
ACH-000551,1.065178,0.124035,4.501146,5.180899
ACH-000367,6.853414,3.260629,8.6662785,8.611811
ACH-000900,1.525301,0.35518,5.050396,5.516448
ACH-000463,-0.1308,-2.506002,2.138343,1.633127
ACH-000343,5.123288,2.28866,5.057829,6.681702
ACH-000147,3.439289,2.39468,5.1515795,4.94648
ACH-000019,2.841751,3.870711,5.416474,3.627995
ACH-000649,0.74889,0.656186,3.20184,4.037938
ACH-000555,2.0928,0.894039,5.2917085,5.064931
ACH-000681,1.834927,-3.162699,2.110958,2.22749
ACH-000046,0.151612,-0.128959,3.542381,3.136095
ACH-000288,1.46293,2.492013,6.2699005,4.978355
ACH-001738,0.095236,1.58839,2.3999075,3.513167
ACH-000615,3.094561,-5.02968,2.616315,4.448033
ACH-001190,1.040673,-3.613121,6.1052205,7.01311
ACH-000730,3.366179,-1.818499,4.9555045,5.247728
ACH-000148,1.101618,0.361031,5.4396425,4.857219
ACH-001127,0.557628,1.147903,3.0356249999999996,2.633558
ACH-000811,1.669164,2.118984,7.4185155,4.604
ACH-000768,2.928584,-1.299057,4.720144,4.37314
ACH-001039,4.497923,-5.568779,3.5309615,2.204207
ACH-000651,3.039009,-2.938904,2.9576225000000003,4.826839
ACH-000433,1.894054,0.203357,3.197151,3.407549
ACH-000817,0.316007,0.063508,1.400014,1.390813
ACH-000338,-0.690674,0.578392,0.8190295,1.344305
ACH-002172,-0.186716,-3.142186,5.064864,3.925572
ACH-000966,0.945734,-3.183082,3.195171,3.371913
ACH-001151,1.902027,-2.157878,4.058171,4.638605
ACH-000706,4.34935,-0.700379,7.623184500000001,6.975727
ACH-001081,1.09297,-5.119626,3.2438504999999997,1.225904
ACH-000861,2.011554,-0.041027,5.073934,5.448408
ACH-000825,3.044014,-0.569284,6.138087499999999,5.711696
ACH-000750,2.065167,-3.028817,3.08238,3.322402
ACH-002159,1.035922,-6.416117,4.092644,4.809383
ACH-000425,3.254688,-5.726016,5.4602715,4.900622
ACH-000579,6.115923,-3.414837,6.528302,7.324171
ACH-002195,2.049755,-1.257273,5.9040255,5.768207
ACH-002199,4.410829,0.877788,6.3096515,6.653691
ACH-001208,3.322868,0.568067,6.9250264999999995,5.504454
ACH-000428,1.897004,-1.98885,3.434025,2.835029
ACH-000504,3.00206,1.388142,4.077083,4.38502
ACH-000232,3.430437,0.483831,5.430128,6.302606
ACH-000273,0.718538,-0.265489,2.7318145,2.371581
ACH-000376,1.565593,2.020806,3.114038,4.089975
ACH-000655,3.598398,2.187393,4.342751,6.618559
ACH-000969,1.522443,-2.623609,4.0600594999999995,2.714077
ACH-000617,2.561827,0.524124,4.748507,5.826503
ACH-000696,1.972673,0.995962,3.916916,4.195675
ACH-000535,4.742776,0.044843,5.156374,4.954002
ACH-001452,-0.185626,-0.62829,0.943064,1.424772
ACH-000191,2.194913,-4.387819,4.8800255,6.181155
ACH-001016,1.983822,0.315914,5.098974,6.107925
ACH-002216,0.934681,1.321837,2.5741565,4.748481
ACH-002210,0.204018,0.234604,1.7529285,1.67472
ACH-000880,1.534233,-5.552604,1.8737825,3.65151
ACH-000528,2.873712,2.890475,5.9013865,6.289555
ACH-000788,1.198772,-1.411615,4.9854769999999995,4.768045
ACH-000219,1.752174,-4.870713,3.6371695,4.06664
ACH-000740,2.594953,0.659053,4.045054,5.223441
ACH-001306,2.62437,-0.012529,6.845301,6.848184
ACH-000896,2.08499,1.163816,4.8878125,5.702251
ACH-000973,2.922614,1.436984,3.2469055000000004,4.575843
ACH-000070,-0.819809,0.510099,0.980184,2.253146
ACH-000536,3.020697,0.002307,5.0451985,5.399438
ACH-000657,1.82349,-2.610504,1.4101249999999999,2.115338
ACH-000161,3.400007,-1.974958,5.9112905,5.512309
ACH-002220,-0.05187,1.86478,1.744458,1.631665
ACH-000508,3.220143,2.619033,4.12195,5.4407
906812,1.820123,1.008157,5.640285,5.759651
ACH-000401,1.115168,-4.844319,5.630838,5.034749
ACH-000968,4.584786,-3.324269,5.1532115,5.724339
ACH-000717,5.047085,2.03372,5.312766,4.837208
ACH-000805,1.72404,-5.816352,5.06229,4.895921
ACH-000120,0.766448,-6.608117,3.4901295,2.911621
ACH-000138,2.379277,0.915046,5.8071595,3.516003
ACH-001336,1.648921,0.680101,5.672884,3.88042
ACH-000713,1.080688,0.426202,4.481051,2.709018
ACH-000212,3.015118,1.984213,6.392593,7.129417
ACH-001715,0.408865,0.174269,4.681883,4.702442
ACH-000174,0.593134,-0.151109,5.4563109999999995,3.702514
ACH-000580,1.845098,-5.283646,5.6854065,6.576414
ACH-000786,1.916504,1.729952,1.401837,2.635414
ACH-000334,1.602048,2.864189,1.5570505,4.347801
ACH-000211,1.415084,1.857496,3.008931,5.055944
ACH-000055,-1.023775,1.075912,2.3010995,1.953728
ACH-000863,4.418954,0.6501,7.1591380000000004,9.43428
ACH-000233,-0.931742,0.313218,1.4139605,-0.291851
ACH-000207,1.070734,-0.116214,5.5124794999999995,3.628184
ACH-002232,0.469901,1.855156,3.4330410000000002,3.703187
ACH-000244,3.777488,-1.466193,6.668175,7.462406
ACH-002100,0.754263,0.218237,3.372475,3.427425
ACH-000056,0.457182,0.751101,1.4790610000000002,1.477367
ACH-001341,2.577416,1.183664,5.640261499999999,7.035394
ACH-000258,0.640435,-7.424411,2.0530809999999997,2.266759
ACH-001064,0.472711,3.388409,1.8596815000000002,2.978705
ACH-002236,1.036446,2.733314,3.3613175,4.437814
ACH-000560,3.650021,-0.410301,4.4529895,4.773321
ACH-000225,2.850367,2.665008,3.57844,4.157724
ACH-000330,3.803537,2.936735,4.787085,4.700776
ACH-000936,2.040687,0.714836,4.8004415,3.160899
ACH-000295,0.592636,-0.975435,3.719811,2.98467
ACH-000198,0.164478,-4.548645,0.9763215000000001,1.05715
ACH-002237,0.76425,1.532625,5.785234,4.050934
ACH-001065,3.165048,1.803551,3.5267144999999998,5.451453
ACH-000846,2.432383,0.333991,3.7246775000000003,4.431865
ACH-000903,1.03982,1.355266,4.3429905,5.583647
ACH-000572,2.291877,-3.769257,4.783049500000001,6.541292
ACH-000098,2.786301,1.968958,5.7455300000000005,6.595962
ACH-000047,3.828396,-0.799302,4.270454,4.716914
ACH-000081,1.367967,0.206148,1.7589645,2.790979
ACH-000756,1.202366,2.417432,4.557046,5.992409
ACH-001344,3.341331,-1.191768,4.300506,4.338959
ACH-001716,-0.100433,1.536369,3.2028705,2.482624
ACH-002238,0.503887,2.876427,2.423738,4.423284
ACH-000835,4.295135,-0.303462,5.515185499999999,4.14065
ACH-000913,0.807715,0.094454,3.837379,3.827555
ACH-000389,0.899542,0.673246,2.1915630000000004,2.590607
ACH-002240,0.785241,-4.561966,2.613641,2.106752
ACH-002242,1.598019,0.286829,2.7663130000000002,2.240122
ACH-000277,3.759538,2.15925,5.5639994999999995,6.446128
ACH-000930,-0.199914,0.497156,5.4946485,4.680672
ACH-000624,-0.242453,-0.208081,2.7899849999999997,2.913259
ACH-000668,1.129903,1.115752,5.3432735000000005,5.643527
ACH-001517,2.779578,2.70213,4.7807105,6.006608
ACH-000004,-0.400334,1.548306,2.0976565,2.460608
ACH-000847,0.695898,2.577213,3.7348565000000002,3.292516
ACH-000061,5.803111,4.065166,5.487334000000001,5.650833
ACH-001089,2.031426,1.448785,5.860212000000001,5.034574
907058,4.01328,-4.77632,4.1754805,4.76126
ACH-000613,1.653454,1.719071,4.6482725,4.495941
ACH-000778,2.278932,-0.475652,3.6991825,4.057232
ACH-000546,1.334937,1.06857,5.5253755,3.295739
ACH-000914,0.687886,2.347055,3.597892,3.682335
ACH-000054,2.07603,-0.036423,6.479105000000001,5.883296
ACH-000547,2.623606,1.247831,5.5438600000000005,5.788002
ACH-000724,2.009627,2.225156,6.84813,7.395906
ACH-000322,1.961014,-5.055459,5.130904,5.483549
ACH-001525,2.153437,1.292463,5.552469,2.030319
ACH-000976,1.458914,-1.638171,5.384612,3.143841
ACH-000480,3.576295,0.140815,6.541103,7.51902
ACH-001526,0.559383,1.507886,5.159072,3.675357
ACH-000538,0.599458,-1.38386,2.523122,2.629616
ACH-000882,2.943044,-0.16447,4.848570499999999,6.142581
ACH-002248,0.250804,1.581288,2.1821865000000003,1.30117
ACH-000915,1.450569,-5.650147,3.84186,2.529927
ACH-002143,1.262152,-0.799495,6.365018,5.122074
ACH-000569,3.470751,1.50601,4.417484999999999,5.202761
ACH-001529,0.180459,1.593605,0.821196,3.146866
ACH-001530,2.339867,2.546271,1.573457,2.876573
ACH-002252,-0.390839,1.760278,3.2617145,2.895877
ACH-000106,0.947053,0.804529,2.042232,1.108885
ACH-000346,0.045631,-0.240665,1.5404585000000002,0.958475
ACH-000231,2.321974,-1.086403,4.9811365,4.859883
ACH-002256,1.480265,1.669148,3.85528,5.239144
ACH-000053,-0.860845,0.699956,3.280352,0.674669
ACH-000315,2.180856,2.405181,2.7217335,4.107097
ACH-000263,0.996479,-3.941212,3.6627945,3.750983
ACH-000793,4.589889,0.183156,5.801413,3.233654
ACH-000101,-1.484496,0.576508,1.6142245,2.945672
ACH-000386,1.533108,0.573749,3.5787485,5.28497
ACH-002257,6.180085,0.540507,6.635206999999999,5.796922
ACH-002258,2.993668,-5.975968,3.338436,3.71066
ACH-000380,0.66603,1.768844,0.2486815,3.753687
ACH-000622,4.154115,2.286411,3.655289,4.340185
ACH-000118,1.75562,-0.556918,4.7850255,5.697342
ACH-000213,2.71592,0.331941,6.0527655,5.033437
ACH-000926,3.668821,-3.112631,2.1236425,3.564906
ACH-000986,3.306702,-1.177606,4.9073225,3.934888
ACH-001519,3.988968,0.077574,5.4902835,7.288112
ACH-001345,1.198207,-0.804513,2.5742694999999998,3.919401
ACH-000698,4.665122,0.622967,4.1473510000000005,6.608351
ACH-000375,1.501194,-0.056713,2.1446785,2.995549
ACH-000096,1.315559,-1.492248,2.095237,2.081912
ACH-002262,1.070243,,1.888767,3.509216
ACH-000074,0.408582,-5.568389,2.494732,4.661492
ACH-000486,0.745785,-4.859482,2.7252665,2.622445
ACH-000631,3.999308,-0.076073,3.338057,5.751339
ACH-000227,-0.164509,0.285062,4.6742895,4.382437
ACH-000855,3.017638,-0.419849,3.278344,3.256173
ACH-000693,1.066285,1.387599,3.045779,2.319233
ACH-000873,1.992481,0.895134,4.0264915,3.352462
ACH-000865,2.892972,0.950167,3.3082295000000004,3.168386
ACH-000824,2.088436,2.343645,3.229064,4.958997
ACH-000754,1.539165,2.541306,4.4841359999999995,3.917973
ACH-000806,0.633973,3.058568,3.475368,-0.12084
ACH-000301,0.482812,-4.230366,2.3330555,2.827535
ACH-002157,3.042243,0.008447,3.799231,1.875499
ACH-002267,0.066875,0.319713,1.6639645,1.730763
ACH-000977,0.78794,2.481644,2.0092855,2.885752
ACH-000104,-0.022094,1.065903,3.5544755,4.166628
ACH-000950,0.82877,-3.375836,2.827637,2.588446
ACH-000204,3.087569,3.293631,5.8314415,6.133914
ACH-000501,5.193245,-0.986226,6.2375635,7.044807
ACH-000985,0.505546,-3.515372,3.2087645,3.651063
ACH-000007,,-5.071476,1.7765365,1.741203
ACH-002158,2.386574,-1.871927,5.4028165,6.001673
ACH-000583,0.580278,1.590994,2.281052,2.749077
ACH-002160,-0.121957,2.024542,1.871616,2.853505
ACH-000759,3.200341,-0.695286,7.312918,6.327298
ACH-000934,0.919613,2.158206,4.865322,6.172487
ACH-000910,1.688149,1.373814,3.69251,3.486193
ACH-000849,1.668289,0.384487,3.326993,4.996551
ACH-000450,2.542412,-5.000615,3.925687,3.69802
ACH-000881,4.235618,-1.282438,4.676471,4.999858
ACH-000072,-0.102346,-3.189586,2.9289105,3.872886
ACH-000449,1.902602,1.426447,2.7760024999999997,3.511969
ACH-000987,2.810387,-0.909363,4.797443,6.147292
ACH-000192,5.290331,2.947098,6.1108405,5.274042
ACH-000879,3.04407,2.336211,5.0812764999999995,6.961926
ACH-000359,3.153962,0.737221,5.2143865,4.442263
ACH-000020,0.254575,1.691421,1.210815,1.659364
ACH-000156,0.959721,0.1711,0.761476,3.013221
ACH-000391,2.690359,2.779905,6.279522500000001,4.827416
ACH-000078,0.349797,0.067906,1.200307,1.48181
ACH-002272,0.289624,2.041663,2.8189764999999998,3.32149
ACH-000351,1.616686,2.189075,4.359958,5.341705
ACH-002161,3.744829,-0.782768,5.201843500000001,3.405268
ACH-002273,0.376186,-5.42137,0.7518075,1.562856
ACH-002274,2.012395,2.228687,1.8527550000000002,3.376482
ACH-002275,2.32511,3.319261,2.425541,5.142199
ACH-001125,3.087281,1.666088,6.193897,6.853795
ACH-001126,1.615449,-0.418361,3.275212,4.012205
ACH-000795,1.039586,-1.298315,4.1331965,4.217334
ACH-000918,-0.829376,1.133159,1.2083335,1.786507
ACH-000006,0.378758,-1.375468,1.637133,0.073319
908149,3.82343,1.704315,4.20315,5.028327
ACH-000319,2.48655,0.573811,5.5821000000000005,6.383382
ACH-002163,1.899008,1.99029,2.753851,2.759115
ACH-000335,4.396326,1.189772,4.773122,6.179917
ACH-000045,-0.425887,-3.901574,-0.341747,-0.612797
ACH-000938,-0.402318,0.174767,0.88622,2.339071
ACH-000944,0.173798,2.239523,1.0376785,3.015935
908440,1.534679,-5.389783,2.6650289999999996,1.799614
ACH-001578,0.934077,1.685901,5.750135,6.392383
ACH-000360,1.335902,-2.30825,1.522016,1.346598
ACH-000395,2.302416,2.547082,4.356174,3.985116
ACH-000932,1.670314,0.149054,3.4167525,4.488564
ACH-000303,0.054453,-2.308803,3.069595,1.756804
ACH-000581,0.029597,-0.069144,2.121795,2.806651
ACH-001603,1.484517,-2.082196,5.017402,3.5423
ACH-002290,0.769538,-2.145624,-0.49484,1.18155
ACH-000200,4.067689,1.357396,8.004997,7.224343
ACH-001606,3.023667,1.14489,4.627369,5.398138
ACH-000168,0.596347,-4.060234,3.133898,1.53795
ACH-001605,3.990971,2.746643,4.498252,4.941923
ACH-002291,1.613799,0.416431,1.167025,2.556035
ACH-000911,1.721234,0.049472,3.4709754999999998,3.988299
ACH-000403,4.511315,-3.846306,4.840006,4.976671
ACH-000491,2.192167,-2.058839,3.891949,6.015067
ACH-000628,4.375172,1.968563,5.827917,4.649583
ACH-000638,6.204237,2.113897,7.1937385,7.39932
ACH-000427,2.303536,-0.694367,5.0902315,4.766433
ACH-000092,0.323366,1.723781,5.267691,5.045171
ACH-000888,3.090537,2.475268,7.0626825,7.75055
ACH-000860,3.53897,-2.204166,5.8002424999999995,4.451507
ACH-000980,0.759317,2.083803,3.4885194999999998,6.006795
ACH-000780,2.866984,3.093143,2.804809,4.689059
ACH-000830,1.315358,2.94272,4.461978,3.2224
ACH-000648,3.08302,1.677055,5.222099,6.427008
ACH-000015,2.362806,-0.423498,4.77225,4.859701
ACH-000916,2.346903,-0.27161,5.945655,7.161526
ACH-000448,4.215557,-2.550487,4.5042195,4.204788
ACH-000747,1.022609,2.647127,4.450056,5.369332
ACH-000282,0.487735,-0.867392,6.3509195,4.957492
ACH-001137,2.138903,-1.903022,4.5623275,2.034062
ACH-000394,3.947559,3.114407,2.397336,4.047
ACH-000399,1.051211,2.796905,4.171298,4.57835
ACH-000816,2.245897,2.245788,1.7051865,3.805337
909194,2.257425,2.251697,1.019892,4.197343
ACH-000776,0.418238,-4.136593,3.12324,3.289325
ACH-000024,1.135649,-0.463587,3.7041209999999998,3.453956
ACH-000159,2.748014,2.118209,5.2726545,5.509289
ACH-000372,-0.479942,0.501687,2.0128245000000002,3.755803
909252,1.340073,2.361359,1.6134525,3.069749
ACH-000770,0.839696,-1.286109,3.261769,3.758663
ACH-001374,2.065057,0.443186,1.3029635,3.064256
ACH-002179,3.069114,2.535386,4.938828,5.304228
ACH-000962,1.073765,0.755734,3.644613,3.214136
ACH-000937,1.099335,0.89383,3.603862,4.316744
ACH-000654,0.588734,0.681119,4.24,3.5886
ACH-000565,1.970669,-3.077977,5.903551,5.425751
ACH-000169,4.664937,-0.122272,5.7204445,5.554583
ACH-000960,2.138669,2.248482,2.1525195,4.281505
ACH-002301,2.345746,2.419511,3.805892,3.690133
ACH-000943,1.011073,-2.014202,3.560426,2.041622
ACH-000719,3.395245,0.633516,7.398601,8.027904
ACH-001182,1.573997,0.035366,0.656768,0.702103
ACH-000636,-0.321196,2.464202,1.107326,3.063688
ACH-000874,0.871318,1.421159,1.0394755,2.226139
ACH-000473,1.046072,-0.460983,5.2193455,3.551807
ACH-000614,2.36928,-1.775865,5.472831,5.050242
ACH-000410,3.899599,3.331713,6.240774,4.658073
909708,1.328295,-2.327087,4.0797585,3.589442
ACH-000181,3.146961,-0.163582,6.2517215,4.341458
ACH-002198,1.271547,2.189684,4.533583,3.297179
ACH-000609,1.492056,0.758062,2.971674,2.987347
ACH-000441,4.455375,-5.997511,3.8649544999999996,4.697778
ACH-000112,-0.646341,1.701799,3.20936,2.848744
ACH-001189,1.408542,1.093514,4.4816765,4.380526
ACH-000748,2.146319,0.179015,5.421492,4.33331
ACH-000400,0.455324,-5.732942,2.4721355000000003,2.686446
ACH-000361,4.800862,1.551296,5.5240975,5.309577
ACH-000145,4.532356,-0.468712,5.221728499999999,4.842662
ACH-000309,3.975058,-0.436267,7.291867,7.084343
ACH-000373,0.414701,-4.869623,1.9244664999999999,1.116198
ACH-000465,4.508122,-4.334752,4.632979,5.485939
ACH-000423,3.4187,-0.37119,4.982648,3.978973
ACH-000822,4.635187,-1.797703,6.057404,5.819432
ACH-000810,1.486626,-4.08872,3.378002,3.643781
ACH-000640,2.957772,-0.386772,4.281169,4.917372
ACH-000665,2.956181,-1.170242,6.488846,7.086673
ACH-002304,2.636876,1.937264,5.516567,6.523422
ACH-001193,-0.522846,2.77597,2.6528815000000003,2.474442
ACH-000939,1.24077,2.516831,5.366368,4.47775
ACH-000974,0.165514,1.504733,3.7526420000000003,4.608559
ACH-000478,3.422605,0.340434,6.1297145,6.065938
ACH-000493,3.31292,1.792286,5.683794499999999,4.389677
ACH-000420,5.558158,0.636803,6.2412585,6.029024
ACH-001199,2.2237,0.091877,6.1951045,4.125028
ACH-000664,0.332801,-1.0925,1.060292,0.99076
ACH-000953,1.319724,3.313253,3.5988365,3.613812
ACH-001401,2.87968,-1.147701,3.115844,5.220873
ACH-000437,2.058018,2.084778,5.806298,6.279248
ACH-000489,3.601576,-2.102014,4.9853819999999995,6.399137
ACH-000236,3.486906,-2.338853,7.120317,6.338619
ACH-000470,1.188592,-3.980517,3.103035,4.563716
ACH-000566,2.851053,0.752575,6.568804500000001,5.938756
ACH-000883,0.439889,2.413474,3.344444,4.954144
ACH-000958,1.43579,-1.959893,2.5977105,3.771439
ACH-001399,2.619811,-1.700135,4.864349000000001,5.290888
ACH-002309,4.397078,0.800105,7.691262500000001,6.744339
ACH-000421,3.033761,-2.236223,4.8195665000000005,4.067336
ACH-002310,2.445194,1.65609,6.1821715,3.773321
ACH-000680,1.903984,-2.637443,4.586749,4.462151
ACH-002200,4.128398,-0.356325,4.910772,4.35851
ACH-001274,1.290525,-0.217571,3.6714219999999997,2.977327
ACH-000381,0.522549,-0.854892,4.7242365,6.17556
ACH-000197,0.474702,-1.125335,1.58369,4.164017
909769,2.277281,1.715472,5.73455,6.53151
ACH-000949,0.309023,-1.994334,3.966959,3.994471
ACH-000146,0.946008,-1.337686,2.006861,1.49454
ACH-002314,1.067643,0.504886,3.8338469999999996,1.725297
ACH-000430,1.685747,-1.639183,5.8937295,4.736672
ACH-000364,2.536058,-1.732861,5.282383,4.626389
ACH-001680,1.280173,2.187864,2.464946,2.425905
ACH-000554,2.291009,-0.806707,5.658498,5.636991
ACH-001417,1.807296,2.426816,5.6919305,6.557409
ACH-000171,5.265026,4.002609,8.1740935,8.325187
ACH-000304,3.212488,-1.74434,6.075711999999999,5.660733
ACH-001709,0.092151,1.360116,1.160968,1.507962
ACH-000332,4.55495,3.595433,5.9308005,6.480829
ACH-000469,1.958511,1.150836,4.399942,4.988342
ACH-000828,5.241693,5.661711,6.791009,7.18055
ACH-000189,3.293586,-0.296971,7.3320565,6.596895
ACH-000524,3.714711,0.932554,6.435605,6.854423
ACH-000815,1.615992,2.153559,2.2683195,5.554546
ACH-002142,4.050746,3.985052,6.143998,4.404876
ACH-000679,1.140862,1.555415,5.069884,3.077422
ACH-002308,-0.57937,1.453387,1.325322,3.343088
ACH-000416,1.00613,0.14695,3.871443,2.318082
ACH-002300,2.095046,1.753643,3.623648,4.287448
ACH-002302,,1.06021,1.96977,1.752517
ACH-002299,0.358808,1.558289,1.724926,2.830147
ACH-000320,2.813354,-2.79356,3.7878335,1.354905
ACH-000704,2.524118,1.050066,3.792756,6.440101
ACH-000383,0.714098,-0.299131,3.936171,2.914472
ACH-000998,3.005888,0.115046,3.1060565,2.961436
ACH-000136,0.888553,2.708786,1.107634,1.315779
ACH-001023,4.384767,1.038594,6.037616,5.55956
ACH-002219,-0.079102,2.99624,4.1648885,3.577211
910687,-0.396261,2.207979,3.6491535,0.153026
ACH-002218,0.50852,1.281398,2.1889335,1.901975
ACH-000350,7.224879,-0.763416,8.008494,9.518231
ACH-000864,2.067536,2.807419,4.078117000000001,5.332055
ACH-000803,2.487234,-0.152774,2.4573994999999997,4.694375
ACH-002268,3.529526,3.043645,6.4672225,6.098609
ACH-002312,1.720952,-0.978483,6.455375,6.95954
ACH-001442,1.766895,0.384454,3.503713,4.18507
ACH-000792,0.210661,0.932495,4.573049,3.56226
ACH-000009,2.276197,-0.389978,3.6381385,5.537326
ACH-000188,4.402339,-0.012086,5.570474,5.843689
ACH-000222,5.33532,0.178234,9.0478,8.818943
ACH-000440,1.846429,2.734073,3.243422,4.601485
ACH-000248,2.965914,3.349207,5.525843,2.798046
ACH-002211,-0.492512,1.93144,1.0490715,1.933745
ACH-000245,0.008246,1.180796,2.4414265,4.622958
ACH-000432,-0.81671,-1.861903,-0.867912,2.229776
ACH-000672,5.592285,2.038633,6.3923935,6.940245
ACH-001674,2.871355,0.583593,4.431228,5.206538
ACH-000940,2.580422,1.241985,4.2908135000000005,5.421312
ACH-000201,2.698227,0.67148,3.431886,4.596301
ACH-002178,2.399406,2.233799,6.193428,6.357491
ACH-001021,5.467695,-0.624339,5.3739715,5.629485
ACH-000757,0.79143,-0.643622,3.7725739999999996,3.451051
ACH-000857,2.027231,-0.555474,4.3110045,5.058824
ACH-001024,1.193091,1.147023,4.9512719999999995,6.50544
ACH-000371,1.489283,2.237259,1.917224,3.170021
ACH-000506,2.422112,2.302303,2.401564,3.651164
ACH-000893,2.613789,2.248012,4.3544225,4.664699
ACH-000348,0.729885,-0.636595,3.847804,3.675399
ACH-000238,3.515308,0.08254,6.4222925,5.413154
ACH-000722,4.066227,-2.635212,4.994841,4.078739
ACH-000567,0.948652,0.646644,2.612989,3.656356
ACH-000155,2.760002,1.091591,5.167876,5.368764
ACH-000568,3.355851,3.234174,4.295673,3.474033
ACH-000254,2.848517,-0.330823,5.5142245,5.532719
ACH-000107,4.577712,-1.101961,5.9542269999999995,7.192954
ACH-000832,1.909445,-1.108227,4.6248059999999995,1.958071
ACH-002215,-0.077882,1.238018,1.848204,-0.807415
ACH-002214,1.00688,1.136463,1.7284785,1.787835
ACH-000429,1.616941,1.254046,5.504191,5.821449
ACH-000008,1.006025,-2.413481,5.0388945,3.944557
ACH-000411,0.767311,-0.374897,3.103368,3.133819
ACH-000948,1.485599,-0.04013,4.6325635,1.807592
ACH-001328,1.418764,-1.821666,4.232779,2.198712
ACH-000802,0.790633,-3.436564,3.214706,3.677766
ACH-000856,0.175564,0.354493,3.3616455,3.3306
ACH-001642,-0.213673,-0.054725,2.0314354999999997,-0.074616
ACH-000062,0.838622,-2.019906,3.446597,3.326052
ACH-002120,3.764944,-3.524445,3.471672,3.991704
ACH-000269,1.191462,-2.113187,4.3739975,5.556104
ACH-000157,0.339995,-3.804185,2.58454,1.972038
ACH-000697,-0.803116,-0.22378,1.175507,-0.628616
ACH-002234,2.612852,-3.637936,4.6003665,6.180055
ACH-000257,2.238344,2.833641,1.446716,3.855361
ACH-001338,0.477119,2.721215,1.5778435000000002,3.183896
ACH-002288,0.907142,0.170101,0.14583399999999996,2.14162
ACH-000464,2.373897,-0.609536,5.874937,7.455249
ACH-002209,1.049296,1.065684,4.080881,1.019086
ACH-000113,0.428452,-7.77506,1.3610540000000002,0.723525
910948,2.195442,0.410534,7.4578875,6.502165
ACH-000920,-0.258749,-0.517146,1.7122644999999999,2.850301
ACH-000457,1.51426,-0.896284,2.861881,2.578937
ACH-000308,4.411343,1.457936,7.691979,7.788879
ACH-000252,2.565918,-2.297657,4.608923,4.098071
ACH-000956,3.385412,1.324863,3.173647,2.319251
ACH-001307,3.339239,-0.553602,6.4751665,6.407865
ACH-000456,1.976124,0.28184,5.733977,5.383155
ACH-001453,3.558984,-2.807345,4.4350275,3.794592
ACH-000902,0.594079,2.20135,-0.204512,2.459634
ACH-002091,2.157745,-2.553413,4.31981,3.700907
924108,3.522654,1.446136,6.616887999999999,6.684248
ACH-000267,2.324499,2.65441,4.6319680000000005,3.776892
ACH-002244,1.80585,-2.288233,4.0532255,2.535816
ACH-001350,0.92912,-2.946503,5.5847014999999995,4.66494
ACH-002149,1.558671,0.461097,3.036212,3.209241
ACH-000293,3.346207,2.135762,6.7488945000000005,6.306913
ACH-002259,2.822253,2.132664,4.652749,4.246464
ACH-000345,2.173815,1.831484,3.712091,3.173364
ACH-002148,2.403461,-3.166026,3.5780125,2.450497
ACH-000183,1.144921,1.719585,4.343104,3.417319
ACH-000876,2.483457,1.127423,4.292975,5.355025
ACH-002171,1.829392,3.170313,5.893458,6.279102
ACH-000587,2.220481,-0.830559,4.486467,4.051812
ACH-001400,0.859426,-1.746811,3.01961,2.826793
ACH-000772,2.614174,2.707279,2.190615,3.500173
ACH-000678,1.81078,1.091624,6.20712,6.704897
ACH-000621,0.154686,2.298108,6.164833,3.488838
ACH-002162,4.426175,-3.637947,5.950648,5.231056
ACH-000356,1.313092,-2.153383,2.5390059999999997,3.785692
ACH-000789,1.925244,3.003791,4.291755,3.911014
ACH-002271,2.364846,0.561667,5.533803,6.623553
925345,1.088697,0.374333,5.382658,6.211774
ACH-000139,1.828585,0.1305,4.554228,3.273396
ACH-000417,4.19116,3.064466,6.713567,7.424185
ACH-000060,4.895535,-0.013369,6.8112455,6.6044
ACH-000965,1.772252,-1.568177,5.482893499999999,4.091622
ACH-001384,5.894384,3.231433,7.7124939999999995,8.647308
ACH-000556,3.079199,1.573413,5.5943055,3.675784
930298,3.258644,0.467711,6.4332745,5.456705
930299,5.728353,1.370866,3.377066,5.970075
ACH-001704,2.925873,1.559373,4.737442,4.750818
ACH-000694,1.879332,2.520302,5.4444105,6.026621
ACH-000488,0.394175,-1.175553,4.001236,2.977346
ACH-000605,1.550406,0.877439,5.531267,4.424656
ACH-002311,2.225943,0.550402,6.1674045,5.248615
ACH-002201,0.85151,-0.581627,1.3940215,4.061175
ACH-002317,1.772921,0.180673,1.136878,0.912211
ACH-000927,4.927264,3.99445,6.592286,7.654648
ACH-000116,3.083344,1.656309,5.413029,7.135085
ACH-000596,1.400421,-1.953015,4.9556915,3.731432
ACH-002261,0.162876,1.711905,2.782634,3.920215
ACH-002223,2.351363,-1.275119,4.022269,3.797832
ACH-002224,2.252955,-0.291508,4.417768,3.229793
ACH-002225,2.618337,0.987406,6.3289945,3.754348
ACH-002226,1.878274,2.181748,3.640592,4.177246
ACH-002227,3.292973,0.364439,5.009021,6.173783
ACH-002228,0.304152,2.984152,3.023824,4.420471
ACH-002229,2.874085,0.044198,2.261805,3.425529
ACH-002231,1.406265,0.965097,4.207685,4.001512
ACH-000783,2.149563,2.32671,5.5958435,4.991239
ACH-002221,-0.026157,3.263354,1.25758,2.741093
ACH-000103,1.122283,-2.752681,5.247434,5.858145
ACH-000818,7.084619,6.71905,7.711211,8.553482
ACH-001118,2.885411,1.460858,4.9705815,4.899681
ACH-002241,-0.107062,0.294649,0.272958,3.169504
ACH-002180,1.912637,0.10409,3.983697,3.702117
ACH-002109,1.081317,2.416711,2.580184,2.906178
ACH-002105,1.720564,2.449349,4.5974319999999995,3.40867
ACH-002107,2.598889,2.643511,5.6890045,5.235153
ACH-002103,-0.68073,2.616088,2.151039,1.361615
ACH-002119,0.205733,2.15437,3.4915185,3.273123
ACH-002118,0.252384,3.36573,2.2527274999999998,3.203971
ACH-002112,0.225165,2.386666,1.038627,3.924829
ACH-002110,0.372154,1.796152,4.3218295,3.769381
ACH-002115,1.062647,2.853178,5.1366225,5.146678
ACH-002114,1.988374,1.745548,5.783353,4.537069
ACH-002113,1.661355,3.292499,3.633838,3.512902
ACH-002116,0.456523,2.791761,1.765909,4.029147
ACH-002117,1.508006,4.152884,5.393412,4.992797
ACH-001355,2.254907,-2.962502,4.216619,3.790516
ACH-002278,1.906042,-1.107451,3.240694,2.818394
ACH-002279,2.527162,2.855363,4.346977,5.454715
ACH-002284,0.423621,2.208048,3.066996,5.966602
ACH-002285,2.571328,3.337106,6.341334,5.971805
ACH-002282,0.282329,1.855757,3.470748,2.205126
ACH-002283,1.134699,-0.752284,3.675035,5.112918
ACH-002280,0.95131,2.788261,3.8522155,3.227831
ACH-002281,0.561996,-0.025137,4.3100635,2.875457
ACH-000804,2.461656,1.919224,3.012074,5.12721
971773,0.748059,1.263943,3.1373625,3.1061
ACH-000689,,,,
ACH-002165,2.773841,-3.431444,2.234082,2.704542
ACH-000995,0.241209,2.470682,3.676119,3.667362
ACH-000957,1.441321,-1.483133,2.27965,4.394066
ACH-000794,1.395493,1.221323,3.097239,3.161579
ACH-001332,2.81852,0.540697,6.622738,5.073997
ACH-000963,0.597919,-1.041333,1.8888285,2.536794
ACH-000812,1.927153,-3.418312,5.420321,4.669833
ACH-000978,2.344076,2.673135,5.88885,5.960869
ACH-000906,1.591534,-1.226746,4.7672395000000005,4.383001
ACH-000574,3.483551,0.559991,6.487521,7.092288
ACH-002121,-0.025979,-6.803081,2.2244495,2.644802
ACH-002126,3.330267,1.7185,7.2339269999999996,7.733541
ACH-002127,5.112559,2.176116,6.26571,7.522965
ACH-002129,2.871872,1.070979,4.9178560000000004,6.03828
ACH-002131,3.271766,1.129839,4.0850915,4.550298
ACH-002132,3.228291,1.547241,4.51892,3.455878
ACH-002133,2.31292,-0.21946,5.4333795,3.756807
ACH-002135,3.902339,1.233369,5.7379645,5.886689
ACH-002136,2.681679,0.105551,3.269093,2.230731
ACH-002239,2.319007,-1.835255,5.1855575,3.628631
ACH-002138,4.290868,-0.128014,4.1339795,4.870307
ACH-000843,0.253518,-0.249039,4.042307,3.272272
ACH-000878,4.293699,0.421306,4.9729365,3.781355
ACH-000840,2.570013,1.187328,5.7408785,3.202488
ACH-000667,3.108276,-2.292492,4.327356,3.010138
ACH-000012,2.49091,2.246463,5.5648335,5.18812
ACH-000625,2.626456,-3.392469,4.139291,3.650156
ACH-002246,1.133016,-1.670652,2.774862,3.146041
ACH-000067,1.582536,0.506984,4.096173,3.695166
ACH-000616,1.24272,-0.902476,6.367421,7.279692
ACH-000650,1.572442,-5.640825,4.333676499999999,5.151554
ACH-001528,2.009276,-2.086142,3.3677770000000002,1.896364
ACH-000919,3.180464,0.557038,2.777152,3.348071
ACH-000577,2.556329,-1.281092,5.9006255,6.343629
ACH-000476,3.939286,-0.536057,6.2879605000000005,7.160913
ACH-000217,5.919418,2.095062,5.863448,7.838637
ACH-000848,4.579719,2.139938,6.671815,6.556511
ACH-002249,0.476503,-2.06816,3.124284,0.875396
ACH-002250,2.339296,-3.114209,6.8318775,4.483461
ACH-000607,-0.801559,1.368211,1.071301,3.464507
ACH-002263,0.084717,-1.013768,2.388818,3.13916
ACH-000819,0.706342,1.708884,4.7044185,4.609983
ACH-000595,0.849943,0.319415,5.799144500000001,6.989018
ACH-002269,,0.512464,2.996099,4.60449
ACH-000573,3.558115,1.930463,5.0549335,5.027657
ACH-000935,1.297701,-5.026986,3.8129625000000003,3.926274
ACH-000988,0.897656,1.705696,5.518463000000001,4.173971
ACH-000058,3.106285,-0.407112,6.579511,5.769369
ACH-001360,3.51569,1.560963,5.289445,6.355054
ACH-002277,1.572145,-5.083804,3.5070975000000004,5.083491
ACH-000559,2.607813,4.439722,6.360284,7.276836
ACH-000894,3.554034,-0.12368,6.4038070000000005,6.22882
ACH-000434,3.709183,-2.314578,5.192635,5.762432
ACH-000414,1.339115,-0.382753,4.233713,3.588734
ACH-000752,3.71202,2.775637,6.065129,2.994215
ACH-000781,1.51507,0.429118,4.6327165,2.306838
ACH-000639,1.34262,0.628299,3.729707,4.351178
ACH-000337,2.212007,-2.031478,5.28855,3.789927
ACH-000378,0.000457,-0.146596,3.956526,3.629322
ACH-000292,2.498298,1.948377,5.123962000000001,5.94803
ACH-001365,0.535614,2.407428,2.504937,4.808671
ACH-001626,3.727753,1.627533,6.192175000000001,4.754264
ACH-000291,2.827959,-3.080387,6.7761885,6.903448
ACH-000527,0.845447,0.939633,5.4343605,6.584731
ACH-000443,6.367365,2.785568,8.453057,10.17448
ACH-002183,3.390442,-1.692108,5.4973125,5.15447
ACH-000023,3.716351,-0.128044,4.441676,4.186317
ACH-002184,3.930413,1.157391,5.310847,7.677418
ACH-002294,0.697634,-2.537088,1.074688,2.359413
ACH-002298,-0.753067,-0.394102,3.356851,2.468819
ACH-000619,4.292747,-1.714757,2.778037,2.952995
ACH-000144,3.236567,-1.235414,4.563623,6.084772
ACH-000100,1.911973,0.962139,4.423852,5.673546
ACH-001650,2.682908,2.800803,3.954994,3.688757
ACH-001655,4.476651,2.900567,6.243155,5.647135
ACH-000221,1.065479,-0.137263,5.0833715,4.231405
ACH-000114,3.36735,-0.094306,6.061577,7.174144
ACH-000652,2.547333,-0.395348,4.774525499999999,4.856861
ACH-001398,4.155656,1.135617,2.715967,4.000628
ACH-000424,0.971859,1.478557,4.7838755,3.910799
ACH-000885,1.085952,0.423077,2.0720885,3.49444
ACH-000716,4.78141,-1.862224,6.886843000000001,8.545843
ACH-000484,3.196207,1.724338,6.492493,2.26856
ACH-002206,2.650271,-2.542175,6.2730745,7.659526
ACH-000059,0.750058,-0.395416,0.8737839999999999,2.163407
1247873,4.164052,1.325322,6.258502,5.707278
ACH-001002,2.847555,-4.229439,5.1147,3.910357
ACH-000336,1.141863,-5.993185,2.1405570000000003,0.948009
ACH-001443,2.891507,-0.368267,5.520222499999999,6.031914
ACH-001331,0.779497,1.690879,4.836651,5.520852
ACH-000228,2.16006,-0.082254,3.817033,2.036365
ACH-000142,0.973004,-0.324711,5.5773340000000005,5.652855
ACH-000516,2.959042,2.658697,5.9476890000000004,4.086434
ACH-002092,1.194861,-1.767325,4.219315,4.52593
ACH-002093,3.939996,2.042031,5.627819,5.828647
ACH-000249,1.577671,-4.97347,6.0893865,6.881386
ACH-002099,2.097224,0.26481,4.7526585,4.549798
ACH-000243,1.56903,-0.0734,5.1413934999999995,3.930694
ACH-000117,3.855421,2.896788,6.4241025,7.030888
ACH-000633,1.237653,0.541356,4.80428,5.053974
ACH-000082,3.224349,0.45739,7.0281585,7.33665
ACH-002123,3.427069,2.261075,6.3748585,6.115826
ACH-002124,1.536501,0.296495,5.7648435,6.51279
ACH-002125,4.014404,0.788597,5.9038885,5.581759
ACH-002128,3.908192,1.55294,7.557783000000001,7.21263
ACH-002130,2.177203,-3.089221,4.1549385,2.903588
ACH-002134,3.463744,1.216145,6.514546,4.859735
ACH-000352,5.847685,3.920306,7.3816965,8.10549
ACH-000725,,,,5.965849
ACH-000562,0.983212,0.79674,5.0842505,3.723908
ACH-000643,1.042664,-1.061671,3.907437,5.294911
ACH-000105,0.666136,1.439883,2.4195905,4.695155
ACH-000838,1.718874,-0.702041,-0.05862200000000001,1.914026
ACH-002095,2.899147,1.547131,2.821402,4.45597
ACH-000743,,2.931789,3.049507,4.989402
ACH-000981,0.275351,0.925259,3.350052,4.064133
ACH-000821,1.72115,2.438776,5.13128,4.537607
ACH-001498,0.614772,0.673804,1.080012,1.582725
ACH-001086,2.019567,1.059936,5.284997000000001,5.033112
ACH-000270,2.326376,-2.025609,5.1031165,5.490458
ACH-000178,2.588527,0.069278,5.03247,7.700188
ACH-000814,2.026668,-4.027003,4.511059,4.892547
ACH-000135,2.902295,0.901377,5.103993,4.075615
ACH-000475,2.649241,1.856834,6.051438,6.252376
ACH-000620,2.055633,-1.400545,5.0890115,7.026755
ACH-002251,2.023335,-1.61773,2.930899,2.988903
ACH-000711,1.215378,0.793246,4.687632000000001,5.543439
ACH-002147,2.576786,-5.435492,3.482251,3.767985
1298167,0.886136,-4.015791,2.549943,3.558436
ACH-000684,2.23429,1.075128,4.877631,7.021279
ACH-000250,2.868009,2.242091,3.794142,5.235144
ACH-001542,-0.246312,-0.732288,3.846203,2.435707
ACH-001107,3.834719,2.107643,4.9076475,3.870801
ACH-000281,5.496825,-0.166821,6.6379975,7.811276
ACH-000108,3.543229,2.411845,4.9705325,4.949616
ACH-002264,1.84028,0.563171,5.7167895,6.232376
ACH-002156,0.560739,1.174232,5.2004995,6.179736
ACH-000176,3.289454,1.504146,5.310146,4.238104
ACH-000852,5.032403,1.762133,5.653498,6.083408
ACH-000869,2.289151,0.313144,6.3022054999999995,5.262107
ACH-002170,3.41458,1.893781,5.454656,6.242547
ACH-000379,3.979648,0.745938,3.0928285,6.325279
ACH-000929,0.474194,-0.860429,3.112395,2.909778
ACH-001363,3.660965,-2.236927,7.734547000000001,6.86095
ACH-000924,3.068655,1.032149,5.270652,5.627639
ACH-000186,5.515898,4.437709,6.725032,6.242126
ACH-000674,4.034749,-0.947267,5.6807475,7.364056
ACH-000247,1.497777,-6.574768,3.9008330000000004,4.098615
ACH-000544,1.15709,-0.896986,5.324107,4.355454
ACH-001625,1.462725,0.499731,3.540502,4.54134
ACH-000663,3.250063,1.505465,3.8769020000000003,4.583606
ACH-000042,2.076056,-2.022564,4.4464855,5.335665
ACH-000235,4.043638,-1.083245,6.402958,6.493509
ACH-000599,3.410994,1.20066,6.0655065,6.44412
ACH-002295,1.793091,1.217504,5.175734,5.1605
ACH-002297,2.61982,-0.671703,3.8973275,1.891955
ACH-002186,1.007168,-1.140312,3.4433565,6.099516
ACH-000347,3.676787,-1.516516,5.6931,4.893391
ACH-000482,2.960076,1.812806,5.651028,6.526274
ACH-000442,1.389452,-2.381318,4.7095044999999995,3.525764
ACH-000505,4.799158,0.66399,6.624098999999999,7.337751
ACH-001641,4.539593,-0.827331,4.9954875,5.626964
ACH-001227,3.17772,-3.71241,5.2880585,4.660117
ACH-002305,2.630778,-0.527499,3.9185825000000003,4.608875
ACH-002306,1.254144,-0.488197,2.702298,1.650243
ACH-000890,4.032228,-0.106174,6.7559465,6.479569
ACH-000561,2.769675,-0.175822,4.643334,4.131905
ACH-002202,2.648783,-0.228455,3.836261,2.004223
ACH-000048,1.463572,0.141322,4.3555575,5.229544
ACH-000115,4.64781,3.217455,4.5106025,6.462326
ACH-002205,2.53038,-0.546785,5.6249525,3.882913
ACH-002207,2.737009,-5.766805,5.2318265,5.048279
ACH-000827,1.085352,-1.26235,3.6767495,3.247306
ACH-000162,0.227486,1.432145,0.5902195,3.881234
ACH-000073,0.314215,2.553683,2.1938195,2.410874
ACH-000349,3.867411,1.424844,5.431985,5.228384
ACH-000515,1.150012,2.858551,3.941568,3.988793
ACH-002208,2.164879,2.260654,4.7227,3.221679
ACH-002094,2.752888,0.168965,5.2789945,5.090016
ACH-001489,1.497082,1.765163,1.295179,5.655691
ACH-001490,3.808031,2.83631,4.514078,4.011863
ACH-002245,1.079211,1.368865,1.658918,1.401165
ACH-002141,-0.559109,-1.404037,1.776007,1.815523
ACH-000294,-1.183932,-6.143197,0.927539,1.395529
ACH-000357,-0.505059,2.457345,1.788161,3.358666
ACH-000653,2.513434,1.165195,3.812539,4.160739
ACH-000151,0.346627,1.334549,1.044016,1.835998
ACH-002253,-0.167635,-3.172751,2.2648184999999996,0.410879
ACH-000326,,-5.040086,2.1730665,2.094359
ACH-002254,1.661437,1.22292,1.273704,3.318354
ACH-002255,0.965995,1.700793,2.3127015,3.396013
ACH-000193,3.29614,-1.429419,4.7921065,5.285986
ACH-000983,0.053448,-1.12057,3.1896164999999996,3.139935
ACH-001106,-0.947753,-2.211506,0.50224,2.440509
ACH-000702,1.074351,2.330154,3.046895,3.766665
ACH-001358,2.748809,3.310376,5.851793000000001,6.00224
ACH-000439,2.348718,0.05506,5.063737,5.802172
ACH-000362,-0.591817,-3.697956,0.12663549999999998,-0.00069
ACH-000369,0.30271,-0.846828,2.927989,2.654187
ACH-000745,1.541539,-0.464498,2.0981745,2.531059
ACH-002276,1.906198,0.315642,1.344267,2.170079
ACH-000129,1.105616,1.340378,3.046348,5.174987
ACH-000586,0.503354,1.852784,1.8190675,5.57023
ACH-000727,4.341306,2.575793,6.812734,7.676345
ACH-000177,3.711737,2.437154,4.386859,5.236583
ACH-002289,-0.55329,1.668579,2.267557,3.603051
ACH-000287,-1.452053,0.706625,0.240302,2.243131
ACH-000065,,-2.639715,2.007748,1.618641
ACH-000124,-0.659114,-0.209097,1.62414,2.205529
ACH-000751,-0.327587,-3.456089,2.9165799999999997,3.854802
ACH-002293,0.844728,0.881162,1.9020055,2.598053
ACH-000218,0.837851,-3.648503,2.617453,3.137885
ACH-001383,0.844788,0.793424,4.408979,4.577828
ACH-000922,-0.602852,1.547557,0.905472,1.880115
ACH-001638,1.489283,2.547999,1.9636069999999999,3.372608
ACH-001639,2.870548,2.592268,2.226055,4.221603
1331032,2.38685,-0.27441,4.311587,0.356244
ACH-000271,0.964125,1.160175,2.2474965,3.070748
ACH-002307,0.356182,0.912789,0.662625,3.247237
ACH-000365,0.854703,1.361432,2.026604,3.628163
ACH-000660,-1.23813,0.459576,0.733348,2.232224
ACH-000611,2.80964,0.666235,3.7020845,3.205955
ACH-000656,0.35054,1.046541,3.805445,4.309469
ACH-001203,0.750276,1.756056,3.9161845,1.549702
ACH-000226,-0.719699,0.212752,1.549705,-0.190025
ACH-002313,0.612926,2.014943,1.7997064999999999,3.667598
ACH-001703,0.57341,2.235931,2.004807,2.264862
ACH-002316,0.325608,0.32447,1.3453445,2.582034
ACH-000534,0.852126,0.641022,1.938314,3.616597
ACH-002175,3.033297,2.764322,3.598352,4.371184
ACH-001063,1.190488,1.797365,4.891837000000001,3.802325
ACH-002140,1.598326,-2.384382,3.9481390000000003,4.219455
ACH-000132,2.259936,1.409514,4.062429,4.211956
ACH-002146,2.143619,-3.089578,5.150733,4.582002
ACH-000584,0.78263,0.25785,2.672548,3.169338
ACH-000688,2.179359,-0.250591,3.543611,3.850381
ACH-001373,0.63813,0.910905,5.553261,4.069952
ACH-000091,4.78774,2.030705,5.483381,6.557703
ACH-002181,3.128899,-1.928001,6.4855045,5.958416
ACH-002182,1.81446,-0.816335,4.175014,3.865742
ACH-000947,1.140934,1.153491,2.518772,2.098356
ACH-001630,2.232146,0.882539,6.3295189999999995,7.04193
ACH-001418,1.223989,-0.126099,3.479705,3.98961
ACH-001500,3.579313,1.060265,5.128888,3.286947
ACH-002292,1.255311,-2.074435,4.981968999999999,3.416114
ACH-001368,2.013108,1.306685,3.8354530000000002,4.100809
ACH-001653,1.265469,-0.546569,3.58078,4.667966
ACH-001654,2.960438,-1.933949,6.6195325,6.834709
ACH-001496,2.579852,0.951496,4.149292,4.50345
ACH-001497,0.209737,-3.282431,5.8794575,2.866031
ACH-001544,3.814983,3.633162,5.9095130000000005,4.778484
ACH-002101,2.760877,-1.214814,5.386945,4.821106
ACH-002102,1.578415,-1.019092,2.897491,4.348814
ACH-000917,1.954735,-0.33162,5.844177500000001,5.767931
ACH-002204,3.103863,1.275122,4.996563,5.534869
ACH-002167,1.477582,1.580873,4.4304655,4.718386
ACH-002168,2.202382,-0.126107,6.045674,5.653645
ACH-002189,1.498265,0.096023,4.100084,3.255845
ACH-002190,0.429343,-0.252742,3.010266,2.035356
ACH-002191,3.344538,1.904921,4.9968865000000005,5.022653
ACH-002188,1.159075,0.925384,3.274973,4.272521
ACH-002187,3.023274,0.339461,3.432603,3.346022
ACH-002192,1.212783,1.230172,3.803564,5.059978
ACH-000714,1.387554,0.229957,2.453065,2.402338
ACH-000763,1.288649,0.737846,2.6816955,3.688409
ACH-001617,-0.506382,-8.554725,1.749429,-0.86802
ACH-000999,,0.54109,5.5099105,5.712946
ACH-000989,2.583268,-0.954549,2.7684699999999998,2.904674
ACH-000708,1.565355,-0.083863,3.369741,4.325417
ACH-000955,2.145435,-1.326553,3.9979975,2.980941
ACH-000532,4.450707,-1.550075,5.2315404999999995,5.595192
ACH-000991,3.265059,1.334664,4.4969125000000005,3.298758
ACH-000970,0.949903,-0.746566,4.23387,3.12001
ACH-002233,1.388041,-2.467,4.178183,4.271885
